Anticancer agent 29,CDK1,cyclinB1, IC50, 0.127 μM,29/30 are enantiomers,
BGG463,CDK2,,, >10 μM,https://pubs.acs.org/doi/10.1021/acschembio.5b00398,O=C(C1=C2C=CC(OC3=NC=NC(NC(C)=O)=C3)=CC2=CC=C1)NC4=CC=C(CN5CCN(C)CC5)C(C(F)(F)F)=C4
7BIO,CDK1,, IC50,22 μM,https://www.frontiersin.org/journals/molecular-neuroscience/articles/10.3389/fnmol.2017.00393/full,
Anticancer agent 29,CDK2,cyclinE, IC50, 0.054 μM,https://www.sciencedirect.com/science/article/pii/S004520682200027X?via%3Dihub,
Abemaciclib metabolite M2,CDK4,, IC50, 1.2 nM,https://www.sciencedirect.com/science/article/pii/S0731708521003368,
GFB-12811,CDK9,CycT1, IC50, 894 nM,Indirubins are pan-kinase,CN1CCC(CC1)[C@@](O)(C2=CC=C3C=NC(NC4=CC(C(F)(F)F)=NC=C4F)=CC3=N2)C
BI-1622,CDK11B,,,,low nM Her2 inhibitor but no evidence for CDk11B activity,O=C(N1CCN(CC1)C2=NC3=C(NC4=CC=C(C(C)=C4)OC5=CC6=NC=NN6C=C5)N=CN=C3C=N2)C=C
CDK7-IN-4,CDK7,,,92.8 nM,LY3405105,CC(C1=C2N(N=C1)C(NC3CCN(CC3)C(OC4CN(CC4)C(/C=C/CN(C)C)=O)=O)=CC(C)=N2)C
Butyrolactone I,CDK1,,,680 nM,Non-specific natural product also inhibits CDK2/CDK5,COC([C@]1(C(C2=CC=C(C=C2)O)=C(C(O1)=O)O)CC3=CC(C/C=C(C)\C)=C(C=C3)O)=O
OTS964,CDK11B,, Kd, 40 nM,TOPK inhibitor,O=C(N1)C2=C(C=CS2)C3=C1C(C)=CC(O)=C3C4=CC=C([C@@H](C)CN(C)C)C=C4
PF-562271,CDK1,, IC50,58 nM,Very promiscous,
(-)-Enitociclib,CDK9,,,enantiomer,,N=S(CC1=CC(NC2=NC=C(F)C(C3=CC=C(F)C=C3OC)=C2)=NC=C1)(C)=O
(+)-Enitociclib,CDK9,CycT1, IC50, 3 nM,,N=S(CC1=CC(NC2=NC=C(F)C(C3=CC=C(F)C=C3OC)=C2)=NC=C1)(C)=O
(E/Z)-BIO-acetoxime,CDK1,cyclinB, IC50, 63 μM,,
(E/Z)-BIO-acetoxime,CDK2,cyclinA, IC50, 4.3 μM,,
(E/Z)-BIO-acetoxime,Cdk5,p25, IC50, 2.4 μM,,CC(O/N=C1/C(NC2=C1C=CC=C2)=C3C(NC4=C\3C=CC(Br)=C4)=O)=O
(E/Z)-Zotiraciclib,CDK2,, IC50, 13 nM,,
(E/Z)-Zotiraciclib citrate,CDK2,,,Salt,,
(E/Z)-Zotiraciclib hydrochloride,CDK2,,,Salt,,
(R)-(+)-O-Demethylbuchenavianine,CDK1,, IC50, 1.1 μM,,
(R)-(+)-O-Demethylbuchenavianine,CDK5,, IC50, 0.95 μM,,OC1=CC(O)=C(C(C=C(C2=CC=CC=C2)O3)=O)C3=C1[C@@H]4N(CCCC4)C
(R)​-​CR8,Cdk1,cyclin B, IC50, 0.09 μM,,
(R)​-​CR8,cdk2,cyclin A, IC50, 0.072 μM,,
(R)​-​CR8,CDK2,cyclinE, IC50, 0.041 μM,,
(R)​-​CR8,Cdk5,p25, IC50, 0.11 μM,,
(R)​-​CR8,CDK7,cyclin H, IC50, 1.1 μM,,
(R)​-​CR8,CDK9,Cyclin T, IC50, 0.18 μM,,CC[C@@H](NC1=NC(NCC2=CC=C(C3=NC=CC=C3)C=C2)=C4N=CN(C(C)C)C4=N1)CO
(R)-CR8 trihydrochloride,CDK1,cyclinB1, IC50, 0.09 μM,,
(R)-CR8 trihydrochloride,cdk2,cyclin A, IC50, 0.072 μM,,
(R)-CR8 trihydrochloride,CDK2,cyclinE, IC50, 0.041 μM,,
(R)-CR8 trihydrochloride,Cdk5,p25, IC50, 0.11 μM,,
(R)-CR8 trihydrochloride,CDK7,cyclin H, IC50, 1.1 μM,,
(R)-CR8 trihydrochloride,CDK9,Cyclin T, IC50, 0.18 μM,,
(R)-DRF053 dihydrochloride,CDK1,cyclinB1, IC50, 220 nM,,CC(C)N1C2=NC(N[C@@H](CO)CC)=NC(NC3=CC(C4=CC=CC=N4)=CC=C3)=C2N=C1.Cl.Cl
(R)-DRF053 dihydrochloride,Cdk5,p25, IC50, 80 nM,,
(R)-Roscovitine,cdc2,cyclin B, IC50, 0.65 μM,,
(R)-Roscovitine,cdk2,cyclin A, IC50, 0.7 μM,,
(R)-Roscovitine,Cdk2,cyclin E2, IC50, 0.7 μM,,
(R)-Roscovitine,CDK5,p35, IC50, 0.16 μM,,
(S)-LY3177833,Cdc7,, IC50,3.3 nM,,
(S)-LY3177833,Non_CDK,MCM2, IC50,290 nM,,
(S)-LY3177833,Non_CDK,IVTI, IC50, 1.6  μM,,O=C1N[C@](C)(C2=NC=NC=C2F)C3=C1C=C(C4=CNN=C4)C=C3
(S)-LY3177833 hydrate,Cdc7,,,Salt,,
3-Methylthienyl-carbonyl-JNJ-7706621,CDK1,cyclinB, IC50, 6.4 nM,,
3-Methylthienyl-carbonyl-JNJ-7706621,CDK2,cyclinA, IC50, 2 nM,,
3-Methylthienyl-carbonyl-JNJ-7706621,CDK4,, IC50, 0.11 μM,,O=S(C1=CC=C(NC2=NN(C(C3=C(C)C=CS3)=O)C(N)=N2)C=C1)(N)=O
5-Iodo-indirubin-3'-monoxime,Cdk1,cyclin B, IC50, 25 nM,,
5-Iodo-indirubin-3'-monoxime,Cdk5,p25, IC50, 20 nM,,O/N=C(C1=CC=CC=C1N2)/C2=C3C(NC4=C/3C=C(I)C=C4)=O
7BIO,CDK5,, IC50,33 μM,,
7BIO,GSK3B,, IC50,32 μM,,O/N=C1C2=CC=CC=C2NC\1=C3C(NC4=C(C=CC=C4/3)Br)=O
ABC1183,CDK9- Cyclin T1,, IC50, 321 nM,,N#CC1=CC=C(C(C2=C(N)N=C(NC3=CC=C(C)C=C3)S2)=O)C=C1
Abemaciclib,CDK1,cyclinB1, IC50, 1627 nM,,
Abemaciclib,CDK2,cyclinE, IC50, 504 nM,,
Abemaciclib,Cdk4,cyclin D1, IC50, 2 nM,,
Abemaciclib,CDK5,p35, IC50, 287 nM,,
Abemaciclib,Cdk5,p25, IC50, 355 nM,,
Abemaciclib,CDK6,cyclinD1, IC50, 10 nM,,
Abemaciclib,CDK7,Mat1/cyclinH1, IC50, 3910 nM,,
Abemaciclib,CDK9,cyclinT1, IC50, 57 nM,,CC1=NC2=C(F)C=C(C3=NC(NC4=NC=C(CN5CCN(CC)CC5)C=C4)=NC=C3F)C=C2N1C(C)C
Abemaciclib metabolite M18,CDK4,, IC50, 1.5 nM,,
Abemaciclib metabolite M18,CDK6,, IC50, 1.6 nM,,FC(C=N1)=C(C2=CC(N(C(C)C)C(CO)=N3)=C3C(F)=C2)N=C1NC4=NC=C(C=C4)CN5CCNCC5
Abemaciclib metabolite M18 hydrochloride,CDK4,, IC50,Salt,,
Abemaciclib metabolite M18 hydrochloride,CDK6,, IC50,Salt,,
Abemaciclib metabolite M2,CDK6,, IC50, 1.3 nM,,CC(N1C2=CC(C3=NC(NC4=NC=C(CN5CCNCC5)C=C4)=NC=C3F)=CC(F)=C2N=C1C)C
Abemaciclib metabolite M20,CDK4,, IC50, 1.5 nM,,
Abemaciclib metabolite M20,CDK6,, IC50, 1.9 nM,,OCC1=NC2=C(F)C=C(C3=NC(NC4=NC=C(CN5CCN(CC)CC5)C=C4)=NC=C3F)C=C2N1C(C)C
Abemaciclib metabolite M20-d8,CDK4,, IC50,Heavy H,,
Abemaciclib metabolite M20-d8,CDK6,, IC50,Heavy H,,
Abemaciclib methanesulfonate,CDK1,cyclinB1, IC50, 1627 nM,,
Abemaciclib methanesulfonate,CDK2,cyclinE, IC50, 504 nM,,
Abemaciclib methanesulfonate,Cdk4,cyclin D1, IC50, 2 nM,,
Abemaciclib methanesulfonate,Cdk5,p25, IC50, 355 nM,,
Abemaciclib methanesulfonate,CDK5,p35, IC50, 287 nM,,
Abemaciclib methanesulfonate,CDK6,cyclinD1, IC50, 10 nM,,
Abemaciclib methanesulfonate,CDK7,Mat1/cyclinH1, IC50, 3910 nM,,
Abemaciclib methanesulfonate,CDK9,cyclinT1, IC50, 57 nM,,
Akt1&PKA-IN-1,CDK2,, IC50, 9.8 μM,,O=C(C1=CC2=C(C=NC=C2)C=C1)N[C@@H](C3CNC3)C4=CC(Cl)=C(C=C4)Cl
Akt1&PKA-IN-2,CDK2a,, IC50, 0.69 μM,,O=C(C1=CC2=C(C=NC=C2)C=C1)N[C@H](C3CNC3)C4=CC(Cl)=C(C=C4)Cl
Aloisine A,CDK1,cyclinB, IC50, 0.15 μM,,
Aloisine A,CDK2,cyclinA, IC50, 0.12 μM,,
Aloisine A,CDK2,cyclinE, IC50, 0.4 μM,,
Aloisine A,CDK5,p35, IC50, 0.16 μM,,OC1=CC=C(C2=C(CCCC)C3=NC=CN=C3N2)C=C1
Aloisine RP106,Cdk1,cyclin B, IC50, 0.7 μM,,
Aloisine RP106,Cdk5,p25, IC50, 1.5 μM,,COC1=CC=C(C2=C(CCCC)C3=NC=CN=C3N2)C=C1
Alsterpaullone,Cdk1,cyclin B, IC50, 35 nM,,
Alsterpaullone,cdk2,cyclin A, IC50, 15 nM,,
Alsterpaullone,CDK2,Cyc E, IC50, 200 nM,,
Alsterpaullone,CDK5,p35, IC50, 40 nM,,O=C1NC2=CC=CC=C2C(NC3=C4C=C([N+]([O-])=O)C=C3)=C4C1
Amantadine,CDK2,, IC50,Non-specific,,NC12C[C@H]3C[C@@H](C2)C[C@@H](C1)C3
Amantadine hydrochloride,CDK2,,,Salt,,
Amantadine sulfate,CDK2,,,Salt,,
AMG 925,CDK1,, IC50, 1.9 μM,,
AMG 925,CDK2,, IC50, 375 nM,,
AMG 925,CDK4,, IC50, 3 nM,,
AMG 925,CDK6,, IC50, 8 nM,,OCC(N1CC2=C(N=C(NC3=NC=C4C(N([C@H]5CC[C@H](C)CC5)C6=CN=CC=C64)=N3)C=C2)CC1)=O
AMG 925 HCl,CDK1,, IC50, 1.9 μM,,
AMG 925 HCl,CDK2,, IC50, 375 nM,,
AMG 925 HCl,CDK4,, IC50, 3 nM,,
AMG 925 HCl,CDK6,, IC50, 8 nM,,
Anticancer agent 29,CDK4,, IC50, 0.129 μM,,
Anticancer agent 29,CDK6,, IC50, 0.396 μM,,O=C1/C(C2=CC=CC=C2N1CC3=CC=C(C=C3)F)=C/C4=CC=C(C=C4)Cl
Anticancer agent 30,CDK2,, IC50, 0.054  μM,,
Anticancer agent 30,CDK4,, IC50, 0.129 μM,,
Anticancer agent 30,CDK6,, IC50, 0.396 μM,,O=C1N(CC2=CC=C(F)C=C2)C3=C(C=CC=C3)/C1=C/C4=CC=C(Cl)C=C4
AS2863619,CDK8,, IC50, 0.61 nM,,
AS2863619,CDK19,, IC50, 4.28 nM,,NC1=NON=C1C(N2C3=CC=C4N=C(C)NC4=C3)=NC5=C2C=CN=C5.[H]Cl.[H]Cl
AS2863619 free base,CDK8,, IC50, 0.61 nM,,NC1=NON=C1C(N2C3=CC=C4N=C(C)NC4=C3)=NC5=C2C=CN=C5
AS2863619 free base,CDK19,, IC50, 4.28 nM,,
Asnuciclib,CDK1,, IC50, 8.17 nM,,
Asnuciclib,CDK1,, Ki, 4 nM,,
Asnuciclib,CDK2,, IC50, 3.27 nM,,
Asnuciclib,CDK2,, Ki, 3 nM,,
Asnuciclib,CDK4,, IC50, 8.18 nM,,
Asnuciclib,CDK6,, IC50, 37.68 nM,,
Asnuciclib,CDK7,, IC50, 134.26 nM,,
Asnuciclib,CDK7,, Ki, 91 nM,,
Asnuciclib,CDK9,, IC50, 5.78 nM,,
Asnuciclib,CDK9,, Ki, 4 nM,,CNC1=NC(C)=C(C2=C(F)C=NC(NC3=CC(S(=O)(N)=O)=CC=C3)=N2)S1
AT7519,Cdk1,cyclin B, IC50, 210 nM,,
AT7519,cdk2,cyclin A, IC50, 47 nM,,
AT7519,Cdk4,cyclin D1, IC50, 100 nM,,
AT7519,CDK5,p35, IC50, 13 nM,,
AT7519,cdk6,cyclin D3, IC50, 170 nM,,
AT7519,CDK7,Cyclin H/MAT1, IC50, 2400 nM,,
AT7519,CDK9,Cyclin T, IC50, 10 nM,,O=C(NC1=CNN=C1C(NC2CCNCC2)=O)C3=C(Cl)C=CC=C3Cl
AT7519 Hydrochloride,Cdk1,cyclin B, IC50, 210 nM,,O=C(C(C(Cl)=CC=C1)=C1Cl)NC2=CNN=C2C(NC3CCNCC3)=O.[H]Cl
AT7519 Hydrochloride,cdk2,cyclin A, IC50, 47 nM,,
AT7519 Hydrochloride,Cdk4,cyclin D1, IC50, 100 nM,,
AT7519 Hydrochloride,CDK5,p35, IC50, 13 nM,,
AT7519 Hydrochloride,cdk6,cyclin D3, IC50, 170 nM,,
AT7519 Hydrochloride,CDK7,Cyclin H/MAT1, IC50, 2400 nM,,
AT7519 Hydrochloride,CDK9,Cyclin T, IC50, 10 nM,,
AT7519 TFA,Cdk1,cyclin B, IC50, 210 nM,,
AT7519 TFA,cdk2,cyclin A, IC50, 47 nM,,
AT7519 TFA,Cdk4,cyclin D1, IC50, 100 nM,,
AT7519 TFA,CDK5,p35, IC50, 13 nM,,
AT7519 TFA,cdk6,cyclin D3, IC50, 170 nM,,
AT7519 TFA,CDK7,Cyclin H/MAT1, IC50, 2400 nM,,
AT7519 TFA,CDK9,Cyclin T, IC50, 10 nM,,
Atuveciclib,CDK1,CycB(h), IC50, 1100 nM,,
Atuveciclib,CDK2,CycE(h), IC50, 1000 nM,,
Atuveciclib,CDK3,CycE(h), IC50, 890 nM,,
Atuveciclib,CDK5,p35(h), IC50, 1600 nM,,
Atuveciclib,CDK9,CycT1, IC50, 13 nM,,
Atuveciclib,CDK9,CycT1(h), IC50, 6 nM,,N=[S@](CC1=CC(NC2=NC(C3=CC=C(F)C=C3OC)=NC=N2)=CC=C1)(C)=O
Atuveciclib Racemate,CDK9,,,enantiomer,,N=S(CC1=CC(NC2=NC(C3=CC=C(F)C=C3OC)=NC=N2)=CC=C1)(C)=O
AUZ 454,CDK2(C118L,A144C), Kd, 9.7 nM,,
AUZ 454,CDK2(A144C),, Kd, 15.4 nM,,
AUZ 454,CDK2(C118L),, Kd, 18.6 nM,,
AUZ 454,CDK2(WT),, Kd, 50 nM,,
AUZ 454,CDK2(C118L,A144C-Cyclin B), Kd, 134.1 nM,,NC1=NC(OC2=CC=C(NC(NC3=CC(C(F)(F)F)=C(CN4CCN(C)CC4)C=C3)=O)C=C2)=CC=N1
Avotaciclib,CDK1,,, 134.1 nM,,
Avotaciclib,CDK4,,,2  nM,,
Avotaciclib,CDK6,,, 10 nM,,OC1=CC=C(C2=NC(N)=NC=C2)N=C1C3=NC(N)=NC=C3
Avotaciclib trihydrochloride,CDK1,,,Salt,,OC1=CC=C(C2=NC(N)=NC=C2)N=C1C3=NC(N)=NC=C3.[H]Cl.[H]Cl.[H]Cl
AZ5576,CDK9,, , <5 nM,,O=C([C@@H]1C[C@H](NC(C)=O)CCC1)NC2=NC=CC(C3=CC=C(F)C=C3OC)=C2
AZD-5438,cdk1-cyclin B1,, IC50, 16 nM,,
AZD-5438,cdk2-cyclin E,, IC50, 6 nM,,
AZD-5438,cdk2-cyclin A,, IC50, 45 nM,,
AZD-5438,cdk4-cyclin D1,, IC50, 449 nM,,
AZD-5438,cdk5-p25,, IC50, 14 nM,,
AZD-5438,cdk6-cyclin D3,, IC50, 21 nM,,
AZD-5438,cdk7-cyclin H,, IC50, 821 nM,,
AZD-5438,cdk9-cyclin T,, IC50, 20 nM,,O=S(C1=CC=C(NC2=NC(C3=CN=C(N3C(C)C)C)=CC=N2)C=C1)(C)=O
AZD4573,CDK9,, IC50, 4 nM,,ClC1=CN=C(NC([C@H]2CCC[C@@H](NC(C)=O)C2)=O)C=C1C3=C(CC(C)(C)C4)N4N=C3
BI-1347,CDK8,, IC50, 1.1 nM,,O=C(N(C)C)CN1N=CC(C2=CC=C(C3=CN=CC4=C3C=CC=C4)C=C2)=C1
BMS-265246,CDK1,cycB, IC50, 6 nM,,
BMS-265246,CDK2,Cyc E, IC50, 9 nM,,
BMS-265246,CDK4,cycD, IC50, 230 nM,,CC1=CC(F)=C(C(C2=CN=C(NN=C3)C3=C2OCCCC)=O)C(F)=C1
Bohemine,CDK2,cyclinE, IC50, 4.6 μM,,
Bohemine,cdk2,cyclin A, IC50, 83 μM,,
Bohemine,CDK9,cyclinT1, IC50, 2.7 μM,,OCCCNC1=NC(NCC2=CC=CC=C2)=C3N=CN(C(C)C)C3=N1
BRD6989,CDK8,, IC50, ~200 nM,,
BRD6989,recombinant CDK8,, IC50, ~0.5 μM,,
BRD6989,recombinant CDK19,, IC50, >30 μM,,N#CC1=C(C2=CC=CN=C2)C3=C(N=C1N)CCC(C)C3
BS-181,CDK1,cycB, IC50, 8.1 μM,,
BS-181,CDK2,Cyc E, IC50, 0.88 μM,,
BS-181,CDK4,Cyc D1, IC50, 33 μM,,
BS-181,CDK5,p35NCK, IC50, 3 μM,,
BS-181,CDK6,cycD1, IC50, 47 μM,,
BS-181,CDK7,CycH/MAT1, IC50, 0.021 μM,,
BS-181,CDK9,cycT, IC50, 4.2 μM,,CC(C1=C(N=C(C=C2NCC3=CC=CC=C3)NCCCCCCN)N2N=C1)C
BS-181 dihydrochloride,CDK2,, IC50, 880 nM,,CC(C1=C2N=C(C=C(N2N=C1)NCC3=CC=CC=C3)NCCCCCCN)C.Cl.Cl
BS-181 dihydrochloride,CDK5,, IC50, 3000 nM,,
BS-181 dihydrochloride,CDK7,, IC50, 21 nM,,
BS-181 dihydrochloride,CDK9,, IC50, 4200 nM,,
BS-181 hydrochloride,CDK1,cycB, IC50, 8.1 μM,,CC(C1=C(N=C(C=C2NCC3=CC=CC=C3)NCCCCCCN)N2N=C1)C.[H]Cl
BS-181 hydrochloride,CDK2,Cyc E, IC50, 0.88 μM,,
BS-181 hydrochloride,CDK4,Cyc D1, IC50, 33 μM,,
BS-181 hydrochloride,CDK5,p35NCK, IC50, 3 μM,,
BS-181 hydrochloride,CDK6,cycD1, IC50, 47 μM,,
BS-181 hydrochloride,CDK7,CycH/MAT1, IC50, 0.021 μM,,
BS-181 hydrochloride,CDK9,cycT, IC50, 4.2 μM,,
BS-194,CDK1,, IC50, 30 nM,,
BS-194,CDK2,, IC50, 3 nM,,
BS-194,CDK5,, IC50, 30 nM,,
BS-194,CDK7,, IC50, 250 nM,,
BS-194,CDK9,, IC50, 90 nM,,OC[C@@H](O)[C@@H](NC1=NC2=C(C(C)C)C=NN2C(NCC3=CC=CC=C3)=C1)CO
BSJ-01-175,CDK12,,,156 nM,,
BSJ-01-175,CDK13,,,282.6 nM,,ClC1=CN=C(N[C@H]2C[C@@H](CCC2)OC3=CC=C(C=C3)NC(/C=C/CN(C)C)=O)N=C1C4=CNC5=CC=CC=C45
BSJ-03-123,CDK6,,,PROTAC,,O=C(C(C(C)=O)=C1C)N(C2CCCC2)C3=C1C=NC(NC4=CC=C(N5CCN(CCOCCOCCOCCNC(COC6=CC=CC7=C6C(N(C8C(NC(CC8)=O)=O)C7=O)=O)=O)CC5)C=N4)=N3
BSJ-03-204,CDK4,D1, IC50, 26.9 nM,,
BSJ-03-204,CDK6,D1, IC50, 10.4 nM,,O=C1N(C2CCCC2)C3=NC(NC4=CC=C(N(CC5)CCN5CCCCNC(COC6=C(C(N7C(CCC8=O)C(N8)=O)=O)C(C7=O)=CC=C6)=O)C=N4)=NC=C3C(C)=C1C(C)=O
BSJ-04-132,CDK4,D1, IC50, 50.6 nM,,
BSJ-04-132,CDK6,D1, IC50, 30 nM,,O=C(C1=CC2=CN=C(NC3=NC=C(N4CCN(CCCCNC(COC5=CC=CC(C(N6C(CC7)C(NC7=O)=O)=O)=C5C6=O)=O)CC4)C=C3)N=C2N1C8CCCC8)N(C)C
BSJ-4-116,CDK12,, IC50, 6 nM,,O=C1C2=C(OCC(NCCCCCCCN3C[C@@H](CCC3)NC4=NC=C(Cl)C(NC5=C(C=CC=C5)S(C(C)C)(=O)=O)=N4)=O)C=CC=C2C(N1C6C(NC(CC6)=O)=O)=O
Ca2+ channel agonist 1,CDK2,, EC50, 3.34 μM,,CC[C@@H](NC1=NC(NCC2=CC=CC=C2)=C3C(N(CCC)C=N3)=N1)CO
CA224,cdk2-cyclin A,, IC50, 521 μM,,
CA224,cdk4-cyclin D1,, IC50, 6.2 μM,,O=C(C1=CC=C(C2=CC=CC=C2)C=C1)N(CCC3=CNC4=C3C=CC=C4)C
CAN508,Cdk1,cyclin B, IC50, 44 μM,,
CAN508,CDK2,cyclinE, IC50, 20 μM,,
CAN508,cdk2,cyclin A, IC50, 69 μM,,
CAN508,Cdk4,cyclin D1, IC50, 13.5 μM,,
CAN508,CDK7,cyclin H, IC50, 26 μM,,
CAN508,CDK9,cyclinT1, IC50, 0.35 μM,,OC1=CC=C(/N=N/C2=C(N)NN=C2N)C=C1
Carbonic anhydrase inhibitor 14,CDK2,, IC50, 20.3 μM,,O=S(C1=CC=C(/N=N/C2=C(NC(C3=CC=C(C)C=C3)=C4)N4N=C2N)C=C1)(N)=O
Casein Kinase inhibitor A51,CDK7,, Kd, 1.3 nM,,
Casein Kinase inhibitor A51,CDK9,, Kd, 4 nM,,N[C@H]1CC[C@H](NC2=NC=C(Cl)C(C3=C(CC4CC4)N(C)N=C3)=N2)CC1
Casein Kinase inhibitor A86,CDK7,, Kd, 0.31 nM,,
Casein Kinase inhibitor A86,CDK9,, Kd, 5.4 nM,,N[C@H]1CC[C@H](NC2=NC=C(F)C(C3=C(CC4CC4)N(C)N=C3)=N2)CC1
CC-671,CLK2,, IC50, 0.006 μM,,O=C(NC)C1=CC=C(NC2=NC(NC=C3C4=CC(OC(C)=N5)=C5C=C4)=C3C(OC6CCCC6)=N2)C(OC)=C1
CCT-251921,CDK8,, IC50, 2.3 nM,,
CCT-251921,CDK19,, IC50, 2.6 nM,,O=C1NCCC12CCN(C3=C(Cl)C(N)=NC=C3C4=CC5=C(N(C)N=C5)C=C4)CC2
Cdc7-IN-12,Cdc7,, IC50, <1 nM,,CC1=C2CCCOC3=C(SC(C(N1)=O)=C23)C4=CC=NC=C4
Cdc7-IN-13,Cdc7,, IC50, <1 nM,,O=C(N1)C2=C(C(O[C@H](C3)C)=C(C4=CNN=C4)S2)C3=C1CN5[C@@H](CC5)C
Cdc7-IN-14,Cdc7,, IC50, <1 nM,,O=C(N1)C2=C(C(O[C@@H](C3)C)=C(C4=CNN=C4)S2)C3=C1CN5[C@H](CC5)C
Cdc7-IN-15,Cdc7,,,No data outside of the patent claim,,O=C1C2=C(C=C(C3=CNN=C3C)S2)NC(C)(C)N1
Cdc7-IN-18,Cdc7,, IC50, 1.29 nM,,O=C1C2=C(NC([C@]3([H])N4CCC(CC4)C3)=N1)C5=C(C6=CNN=C6CCC5)S2
Cdc7-IN-19,Cdc7,, IC50, 1.49 nM,,O=C1C2=C(NC([C@]3([H])N4CCC(CC4)C3)=N1)C5=C(C6=CNN=C6CCC5)O2
CDD-2807,CLK4,, IC50, 85 nM,,
CDD-2807,CLK2,, IC50, 101 nM,,
CDD-2807,CLK1,, IC50, 116 nM,,O=C(C1=CC2=C(NN=C2C#CC3=CC=CC=C3C4=CC=CC=C4)C=C1)N5CC6(CNCCC6)C5
CDDD11-8,CDK9,, Ki, 8 nM,,CC1=CN=C(N[C@@H]2CC[C@@H](N)CC2)N=C1C3=CN=C(C=C4)N3C=C4C5=CC=CC=C5
CDK-IN-12,CDK4,, IC50, <20 nM,,
CDK-IN-12,CDK6,, IC50, <20 nM,,O=C1C2=C(C3(CCCC3)N1C)SC(C4=C(F)C=NC(NC5=NC=C(C6CCN(CC6)C)C=C5)=N4)=C2
CDK-IN-2,CDK9,cyclinT1, IC50, 8 nM,,FC1=CC(C2=CC(NC([C@H]3CNCCC3)=O)=NC=C2Cl)=C(C=C1)OC
CDK-IN-9,CDK2,E, IC50, 4 nM,,
CDK-IN-9,Cdk5,p25, IC50, 39 nM,,
CDK-IN-9,CDK9,T1, IC50, 20 nM,,
CDK-IN-9,CDK12,K, IC50, 64 nM,,
CDK-IN-9,CDK13,K, IC50, 22 nM,,NCCSC1=NC2=C(NN=C2C(NCC3=CC=C(C=C3)N4C=CC=N4)=N1)C5CCC5
CDK/HDAC-IN-2,CDK1,, IC50, 8.63 nM,,
CDK/HDAC-IN-2,CDK2,, IC50, 0.30 μM,,
CDK/HDAC-IN-2,CDK4,, IC50, >1000 nM,,
CDK/HDAC-IN-2,CDK6,, IC50, >1000 nM,,
CDK/HDAC-IN-2,CDK7,, IC50, >1000 nM,,NC1=CC=CC=C1NC(C2=CC=C(C=C2)CNC(C3=NNC=C3NC(C4=C(C=CC=C4Cl)Cl)=O)=O)=O
CDK1-IN-1,CDK1,cycB, IC50, 161.2 nM,,O=C(C1=C2N=C(C3=CC=CC=C3)C=C(C4=CC=CC=C4)N2N=C1NC5=CC=C(OC)C=C5OC)N
CDK1-IN-2,CDK1,, IC50, 5.8 μM,,O=C1NC2=C(C=CC=C2)/C1=C\C3=C(Cl)NC4=C3C=CC=C4
CDK1-IN-3,CDK1,, IC50, 36.8 nM,,
CDK1-IN-3,CDK2,, IC50, 305.17 nM,,
CDK1-IN-3,CDK5,, IC50, 369.37 nM,,O=C(N1CCN(C2=NN=C(CC3=CC=C(OC)C=C3)C4=C2C=CC=C4)CC1)NC5=CC=C(Cl)C(C(F)(F)F)=C5
CDK1-IN-4,CDK1,, IC50, 44.52 nM,,
CDK1-IN-4,CDK2,, IC50, 621.93 nM,,
CDK1-IN-4,CDK5,, IC50, 135.22 nM,,S=C(N1CCN(C2=NN=C(CC3=CC=CC=C3)C4=C2C=CC=C4)CC1)NC5=CC=CC(Cl)=C5
CDK1-IN-5,CDK1,, IC50, 42.19 nM,,
CDK1-IN-5,CDK2,, IC50, 188.71 nM,,
CDK1-IN-5,CDK5,, IC50, 354.15 nM,,S=C(N1CCN(C2=NN=C(CC3=CC=C(OC)C=C3)C4=C2C=CC=C4)CC1)NC5=CC=CC(Cl)=C5
Cdk1/2 Inhibitor III,Cdk1,cyclin B, IC50, 2.1 μM,,
CDK1/2/4-IN-1,CDK1,, IC50,1.47 μM,,
CDK1/2/4-IN-1,CDK2,, IC50,0.78 μM,,
CDK1/2/4-IN-1,CDK4,, IC50,0.87 μM,,O=C(C1=C(C)SC(NC)=N1)/C=C/C2=CC=C(OC)C=C2
CDK1/Cyc B-IN-1,CDK1-Cyclin B,, IC50, 97 nM,,COC1=CC=C(C(OC)=C1)N2C(SC3=C2N=C(N=C3Cl)C)=S
CDK12-IN-2,CDK2,, IC50, >100 μM,,
CDK12-IN-2,CDK7,, IC50, >10 μM,,
CDK12-IN-2,CDK7,, IC50, >10 μM,,
CDK12-IN-2,CDK9,, IC50, 16 μM,,
CDK12-IN-2,CDK12,, IC50, 52 nM,,O=C(NCC1=CC=CC=C1)N([C@H]2CC[C@@H](CC2)NC3=CC=C(C=N3)C#N)C4=CC=C(C5=CN(C(C=C5)=O)C)C=C4
CDK12-IN-3,CDK12,, IC50, 491 nM,,CC(C)N1C2=NC(N3CCCC[C@H]3CCO)=NC(NCC4=NC5=C(C(F)=C(F)C=C5)N4)=C2N=C1
CDK12-IN-4,CDK2,cyclinE, IC50, >20 μM,,
CDK12-IN-4,CDK9,cyclinT1, IC50, >20 μM,,
CDK12-IN-4,CDK12,, IC50, 0.641 μM,,FC1=C(F)C2=C(N=C(CNC3=NC(N4CCOCC4)=NC5=C(C6CC6)C=NN35)N2)C=C1
CDK12-IN-5,CDK2,cyclinE, IC50, 173 μM,,
CDK12-IN-5,CDK9,cyclinT1, IC50, 127 μM,,
CDK12-IN-5,CDK12,, IC50, 23.9 nM,,FC(C1=C2N(N=C1)C(NCC3=NC4=CC=C(F)C(F)=C4N3)=NC(N5CCOCC5)=N2)(F)F
CDK12-IN-6,CDK2,cyclinE, IC50, >20 μM,,
CDK12-IN-6,CDK9,cyclinT1, IC50, >20 μM,,
CDK12-IN-6,CDK12,, IC50, 1.19 μM,,FC1=C2C(N=C(CNC3=NC(N4CCNCC4)=NC5=C(C6CC6)C=NN53)N2)=CC=C1F
CDK12-IN-7,CDK2,, IC50, 196 nM,,
CDK12-IN-7,CDK12,, IC50, 42 nM,,O=C(NCC1=CC=CC=C1)N(C2=CC=C(N(C=CC(N3C)=O)C3=N4)C4=N2)[C@H](CC5)CC[C@@H]5NC6=NC(OC7COC7)=C(C(F)(F)F)C=N6
CDK12-IN-E9,cdk2,cyclin A, IC50, 932 nM,,
CDK12-IN-E9,CDK7,Cyclin H/MNAT1, IC50, 1210 nM,,
CDK12-IN-E9,CDK9,cyclinT1, IC50, 23.9 nM,,C=CC(NC1=CC=CC(NC2=CC(N3[C@H](CCO)CCCC3)=NC4=C(CC)C=NN24)=C1)=O
CDK19 Probe 1,CDK19,, IC50, 1.01 μM,,O=C(CN1C=C(C2=CC=C(C3=CN=CC4=CC=CC=C34)C=C2)C=N1)NCCCCCNC(CN5CCN(CCN(CCN(CC5)CC(O)=O)CC(O)=O)CC(O)=O)=O
CDK2-IN-12,CDK2,, IC50, 11.6 μM,,
CDK2-IN-12,CDK9,, IC50, >12.5 μM,,O=S(C1=CC=C(/N=N/C2=C3N=C(C4=CC=C(C)C=C4)C(C#N)=C(N)N3N=C2N)C=C1)(N)=O
CDK2-IN-14-d3,CDK2,,,Heavy H,,
CDK2-IN-15,CDK2,, IC50, 2.9 μM,,O=C1NC2=C3C1=CC4=C(OCO4)C3=C5C=CC(O)=C(OC)C5=C2
CDK2-IN-18,CDK2,cyclinE, IC50, 8 nM,,
CDK2-IN-18,Cdk4,cyclin D1, IC50, 46 nM,,O=C(NN1CCN(CC1)C)NC2=CC=CC(C3=NNC(C4=C(C)N=C(C)S4)=C35)=C2C5=O
CDK2-IN-20,CDK2,cyclinE, IC50, 0.219 μM,,ClC(C=C1)=CC=C1C(S2)C(C#N)=C(N)N3C=NC4=C3C2=NC=N4
CDK2-IN-22,CDK2,, IC50, 64.42 nM,,O=S(C1=CC=C(NC2=NC=CC(NC3=CC(OC4=CC=CC=C4)=CN=C3)=N2)C=C1)(N)=O
CDK2-IN-26,CDK2,,,No data outside of the patent claim,,O=C(C1=CC(OCC(F)F)=NN1C)NC2=CC([C@H](OC3)C[C@H]3OC(NC45CC(C5)C4)=O)=NN2
CDK2-IN-27,CDK1,cyclinB1, IC50, >10-20 nM nM,,
CDK2-IN-27,CDK2,cyclin E1, IC50, <10 nM,,CC1(CC1)NC(O[C@H](CC2)C[C@H]2C3=CC(NC4=NC=C(C#N)N=C4)=NN3)=O
CDK2-IN-28,CDK2,, Ki, 1 nM ([1]),,
CDK2-IN-28,CDK5,, Ki, 15.8 nM ([1]),,
CDK2-IN-28,CDK7,, Ki, 54.7 nM ([1]),,
CDK2-IN-28,CDK9,, Ki, 12.8 nM ([1]),,CS(C1=CC=C(CN2)C(OCCCCCN(CC3CNC3)C4=NC5=C(C(C)C)C=NN5C2=N4)=C1)(=O)=O
CDK2-IN-29,CDK2,, IC50, 96 nM,,
CDK2-IN-29,CDK4,, IC50, 360 nM,,O=C1C2=C(C3=NNC(C4CCCCC4)=C13)C=CC=C2NC(CN5CCC(CC5)CN)=O
CDK2-IN-3,CDK2,, IC50, 60 nM,,O=S(C1=CC=C(N/N=C2C(NC3=C\2C=C(Br)C=C3)=O)C=C1)(N)=O
CDK2-IN-4,Cdk1,cyclin B, IC50, 86 μM,,
CDK2-IN-4,cdk2,cyclin A, IC50, 44 nM,,O=S(C1=CC=C(C=C1)NC2=NC3=NC=NC3=C(C4=CC(C5=CC=CC=C5)=CC=C4)N2)(N)=O
CDK2-IN-7,CDK2,cyclinE, IC50, 50 nM,,O=C1C2(CC2)C3=CN=C(NC4=CC=C(C=C4)S(NC5(CNC5)C)(=O)=O)N=C3N1[C@@]6([H])[C@@](O)(CCC6)C
CDK2-IN-8,CDK2,, IC50, 1.74 μM,,O=C(NN1C(COC2=CC=CC=C2)=NC3=C(C=CC=C3)C1=O)CN4CCN(C)CC4
CDK2-IN-9,CDK2,, IC50, 0.63 μM,,O=S(C1=CC=C(Cl)C=C1)(NN2C(COC3=CC=CC=C3)=NC4=C(C=CC=C4)C2=O)=O
CDK2/4/6-IN-1,CDK2,, IC50, 2.5 nM,,
CDK2/4/6-IN-1,CDK4,, IC50, 23.7 nM,,
CDK2/4/6-IN-1,CDK6,, IC50, 44.3 nM,,O=S(C1=CC=C(NC2=NC=C3C(N([C@@H]4CCC[C@]4(O)C)C(C(C#C)=C3)=O)=N2)C=C1)(C)=O
CDK2/4/6-IN-2,CDK2,, IC50, <1 μM,,
CDK2/4/6-IN-2,CDK4,, IC50,<10 nM,,
CDK2/4/6-IN-2,CDK6,, IC50,<100 nM,,CC(N1CCN(C2=CN=C(NC3=NC=CC(C4=CC5=C(N=CN5C(C)C)C(F)=N4)=N3)C=C2)CC1)C
CDK4/6-IN-10,CDK4,, IC50, 22 nM,,
CDK4/6-IN-10,CDK6,cyclinD1, IC50, 10 nM,,CN1C=C(C2=NC(NC3=NC=C(CN4CCNCC4)C=C3)=NC=C2F)C5=CC=CN=C51
CDK4/6-IN-12,CDK4,, IC50, 592.3 nM,,
CDK4/6-IN-12,CDK6,, IC50, 3090 nM,,CC1=CN2C3=NC(N)=NC=C3C(C)=C(C2=N1)C#N
CDK4/6-IN-14,CDK1,, IC50, >10000 nM,,
CDK4/6-IN-14,CDK2,, IC50, 1045 nM,,
CDK4/6-IN-14,CDK4,, IC50, 10 nM,,
CDK4/6-IN-14,CDK6,, IC50, 16 nM,,
CDK4/6-IN-14,CDK7,, IC50, 2595 nM,,
CDK4/6-IN-14,CDK9,, IC50, 2664 nM,,O=C1N(CC)CCC2=C1C=CC(C3=NC(NC4=NC=C(N5CCNCC5)C=C4)=NC=C3F)=C2.Cl
CDK4/6-IN-15,CDK2,, IC50, 3.335 μM,,
CDK4/6-IN-15,CDK4,, IC50, 3 nM,,
CDK4/6-IN-15,CDK6,, IC50, 0.279 μM,,CNC1=NC(C)=C(C2=NC(NC3=NC=C(N4CCC(N(C)C)CC4)C=C3)=NC=C2F)S1
CDK4/6-IN-16,CDK4,, IC50, 13 nM,,FC1=NC=CC2=C1N(C3CCCC3)C4=C2C=NC(NC5=NC=C(N6CCC(CC6)N(CCO)C)C=C5)=N4
CDK4/6-IN-18,CDK1,, IC50, 1.5μM,,
CDK4/6-IN-18,CDK2,, IC50, 0.185μM,,
CDK4/6-IN-18,CDK4,, IC50, 0.076 μM,,
CDK4/6-IN-18,CDK5,, IC50, 0.154 μM,,
CDK4/6-IN-18,CDK6,, IC50,Inactive,,O=C1NC(C2=C1C3=C(C4=C2C5=C(N4)C=CC=C5)NC6=C3C=CC(Br)=C6)=O
CDK4/6-IN-19,CDK4,, IC50, 0.2 nM,,
CDK4/6-IN-19,CDK6,, IC50, 5.0 nM,,O=S(N1C[C@@H](O)[C@H](NC2=NC=C(Cl)C(C3=CC(C4(CCCC4)C(C)=N5)=C5C(F)=C3)=N2)CC1)(C)=O
CDK4/6-IN-2,CDK4,, IC50, 2.7 nM,,
CDK4/6-IN-2,CDK6,, IC50, 16 nM,,CCN1CCN(CC2=CN=C(NC3=NC=C(F)C(C4=CC(N(C(C)C)C(C)=N5)=C5C(F)=C4)=C3)N=C2)CC1
CDK4/6-IN-20,CDK4,, IC50, 1.9 nM,,
CDK4/6-IN-20,CDK6,, IC50, 14.2 nM,,O[C@@H]1COCC[C@H]1NC2=NC=C(C#N)C(C3=CC(C4(CCCC4)C(C)=N5)=C5C(F)=C3)=N2
CDK4/6-IN-3,CDK1,, Ki, 110 nM,,
CDK4/6-IN-3,CDK4,, Ki, 0.3 nM,,
CDK4/6-IN-3,CDK6,, Ki, 2.2 nM,,FC1=CN=C(NC2=NC=C(N3CC4(CN(CC)C4)C3)C=C2)N=C1C5=C([C@H](C)CCCC6)N6N=C5
CDK4/6-IN-7,CDK4,, IC50, 1.58 nM,,
CDK4/6-IN-7,CDK6,, IC50, 4.09 nM,,O=C(C1=CC=CC=C1Cl)NNC(N2CCC[C@@H]2C(NC3=CC=CN=C3)=O)=O
CDK4/6-IN-8,CDK4,, IC50, 5.01 nM,,
CDK4/6-IN-8,CDK6,, IC50, 3.97 nM,,O=C(C1=CC=C([N+]([O-])=O)C=C1)NNC(N2CCC[C@@H]2C(NC3=CC=CN=C3)=O)=O
CDK4/6-IN-9,CDK6,cyclinD1, IC50, 905 nM,,CN1C=C(C2=NC(NC3=NC=C(CN4CCNCC4)C=C3)=NC=C2F)C5=CC=CN=C51
CDK5 inhibitor 20-223,CDK2,, IC50, 6.0 nM,,
CDK5 inhibitor 20-223,CDK5,, IC50, 8.8 nM,,O=C(NC1=NNC(C2CCC2)=C1)CC3=CC=C4C=CC=CC4=C3
CDK5-IN-1,CDK5,,,<10 nM,,O=S(C1=CC=C2C=NC(NC3=CC=C(N4N=C(CO)C=C4)C=C3F)=CC2=N1)(C5CCN(CC5)C)=O
CDK5-IN-2,CDK2,CycA, IC50, 23 nM,,
CDK5-IN-2,Cdk5,p25, IC50, 0.2 nM,,FC1=CC(C2=CC=CC(C#N)=C2)=CC=C1NC3=CC4=NC([C@](C)(O)C5CCN(C)CC5)=CC=C4C=N3
CDK5-IN-3,CDK2,CycA, IC50, 18 nM,,
CDK5-IN-3,Cdk5,p25, IC50, 0.6 nM,,C[C@@](C1=CC=C2C(C=C(NC3=CC=CC=C3)N=C2)=N1)(O)C4CCN(C)CC4
CDK5-IN-4,CDK2,, IC50, 6.24 ± 2.8 μM,,
CDK5-IN-4,CDK5,, IC50, 9.8 ± 2.29 μM,,
CDK5-IN-4,CDK9,, IC50, 1.76 ± 0.3 μM,,O=C(N[C@H]1CO[C@@H]2[C@H](CO[C@H]12)NC3=NC(C4=CC=CC(F)=C4)=CC=N3)NCC5=CC=CC=C5
CDK6/9-IN-1,CDK6,, IC50, 40.5 nM,,
CDK6/9-IN-1,CDK9,, IC50, 39.5 nM,,CC(NC1=CC=CC(NC2=NC(NC3=NC=C(N4CCN(C)CC4)C=C3)=NC=C2Cl)=C1)=O
CDK6/PIM1-IN-1,CDK1,cyclinB, IC50, >10 μM,,
CDK6/PIM1-IN-1,CDK2,cyclinA, IC50, 2.274 μM,,
CDK6/PIM1-IN-1,CDK3,Cyclin E, IC50, >10 μM,,
CDK6/PIM1-IN-1,Cdk4,cyclin D1, IC50, 3.6 nM,,
CDK6/PIM1-IN-1,Cdk5,p25, IC50, >10 μM,,
CDK6/PIM1-IN-1,CDK6,cyclinD1, IC50, 39 nM,,
CDK6/PIM1-IN-1,CDK7,Cyclin H/MNAT1, IC50, 393 nM,,
CDK6/PIM1-IN-1,CDK9,cyclinT1, IC50, 440 nM,,
CDK6/PIM1-IN-1,CDK12,Cyclin K, IC50, >10 μM,,
CDK6/PIM1-IN-1,CDK13,Cyclin K, IC50, >10 μM,,FC1=CN=C(NC2=NC=C(N3CCNCC3)C=C2)N=C1C4=CC=C5N=CC(N(CC)CC)=NC5=C4
CDK7-IN-10,CDK7,, IC50, ＜100 nM,,O=C(C1=CC=C(C=C1)NC(C=C)=O)NC2=NN(C)C3=C2CN(C(N[C@@H](C4=CC=CC=C4)CN(C)C)=O)C3(C)C
CDK7-IN-11,CDK7,, IC50, 4.2 nM,,N#CC1=CC(C2=CC([C@H](C)C(NC3=NC=C(CC)S3)=O)=CC=C2)=CN=C1NC(/C=C/CN(C)C)=O
CDK7-IN-16,CDK7,, IC50, 1~10 nM,,CS(=O)(NC1=C2NC=C(C2=CC=C1)C3=C(C=NC(N[C@H]4CCCNC4)=N3)C(F)(F)F)=O
CDK7-IN-2 hydrochloride hydrate,CDK7,,,Salt,,O=C(N1CCC(NC2=CC(C)=NC3=C(C(C)C)C=NN23)CC1)O[C@@H]4CN(C(/C=C/CN(C)C)=O)CC4.O.Cl
CDK7-IN-20,CDK1,, IC50, 3375 nM,,
CDK7-IN-20,CDK2,, IC50, 823 nM,,
CDK7-IN-20,CDK3,, IC50, 1837 nM,,
CDK7-IN-20,CDK5,, IC50, >10 nM,,
CDK7-IN-20,CDK6,, IC50, 950 nM,,
CDK7-IN-20,CDK7,, IC50, 4 nM,,
CDK7-IN-20,CDK9,, IC50, 526 nM,,
CDK7-IN-20,CDK12,, IC50," >10,000 nM",,C=CC(NC1=CC=C(C=C1)C(NC2=NNC3=C2C=C(C=C3)C4=CC(NC[C@H](C5=CC=CC=C5)O)=CN=C4)=O)=O
CDK7-IN-27,CDK2,, IC50, 19.4 nM,,C=C(F)C(NC(C=C1)=CC2=C1C(C(C=CC=C3)=C3CNC(N4N=C5)=NC(NC[C@@H]6[C@H](CNCC6)O)=NC4=C5C(C)C)=NC=C2)=O
CDK7-IN-27,CDK7,, IC50, 3 nM,,CC(C1=C2N=C3N=C(N2N=C1)NCC4=CC=CC=C4OC[C@H](CCCC5(CN3)CCNCC5)O)C
CDK7-IN-28,cdk2,cyclin A, IC50, 6224 nM,,
CDK7-IN-28,CDK7,Cyclin H/MNAT1, IC50, ＜5 nM,,
CDK7-IN-28,CDK13,Cyclin K, IC50, 152 nM,,FC(F)(C1=CN=C(N=C1C2=CNC3=C2CCCN(C3=O)C4CC4)N[C@@H]5CNC6(CC5)CC6)F
CDK7-IN-5,CDK7,, IC50, <100 nM,,CC(C1=C2N(N=C1)C(NCC3=C(C=CC=C3)NCC4=CC=C(C=C4)NC(/C=C/CN(C)C)=O)=NC(OC5CCN(CC5)C)=N2)C
CDK7-IN-6,CDK7,, IC50, ≤100 nM,,ClC1=CC=CC(N2N=C(C(C)(C)O)C=C2)=C1CNC3=NC(N4CCC(CC4)N)=NC5=C(C(C)C)C=NN35
CDK7-IN-7,CDK7,, IC50, <50 nM,,FC(F)(C1=CN=C(N[C@H]2CCCNC2)N=C1C(C3=CC=C4NC(OC)=O)=CNC3=C4Br)F
CDK7-IN-8,CDK7,, IC50, 54.29 nM,,CC(C1=C2N(N=C1)C(NC3CCN(CC3)C(O[C@@H]4CN(CC4)C(/C=C/CN(C)C)=O)=O)=NC(C)=N2)C
CDK7/9-IN-1,CDK7,, IC50, 5.74-65.6 nM,,
CDK7/9-IN-1,CDK9,, IC50, 2.14 μM,,CC(C1=CN=C2N1C=C(C(F)(F)F)C=C2NC3CCN(CC3)C[C@@H]4CN(CCO4)C(C=C)=O)C
CDK8-IN-1,CDK8,, IC50, 3 nM,,NC(C1=C(C(F)(F)F)C(C2=CC=NC=C2)=CN1)=O
CDK8-IN-10,CDK8,, IC50, 8.25 nM,,O=C(NC1=CC=C(N2C3=CC=NC=C3)C(OC4=NC=CC=C4C2=O)=C1)NC5=CC=C(Cl)C(C(F)(F)F)=C5
CDK8-IN-11,CDK8,, IC50, 46 nM,,O=C(NC1=CC=CC(C(F)(F)F)=C1)NC2=CC=C(OC3=CC=C(N)N=C3)C=C2
CDK8-IN-12,CDK8,, Ki, 14 nM,,O=C1NCCC12CCN(C3=C(C4=CC5=CC=CC=C5O4)C=NC=C3Cl)CC2
CDK8-IN-13,CDK8,, IC50, 51.9 nM,,O=C(C1=CC=CC(C2=CN=C3NC=CC3=C2)=C1)N
CDK8-IN-15,CDK8,, IC50, 57 nM,,O=C(NC1=CC(OC)=C(C2=CC(C=CN3)=C3N=C2)C=C1)N4CCOCC4
CDK8-IN-5,CDK8,, IC50, 72 nM,,O=C(C1=CC=C(C=C1)C2=CC(OC(C3=CC=CC=C3)=C4)=C(C(O)=C2)C4=O)N5CCNCC5
CDK8-IN-6,CDK8,, Kd, 13 nM,,C[C@@]12C(C3=CC(Cl)=CN=C3)=CC[C@@]1([H])[C@]4([H])CC[C@@]5([H])C[C@H](N(C)C)CC[C@]5(C)[C@@]4([H])CC2
CDK8-IN-7,CDK8,, Kd, 3.5 nM,,C[C@@]12C(C3=CC=CC4=C3C=CN=C4)=CC[C@@]1([H])[C@]5([H])CC[C@@]6([H])C[C@H](N(C)C)CC[C@]6(C)[C@@]5([H])CC2
CDK8/19-IN-1,CDK8,CycC, IC50, 0.46 nM,,
CDK8/19-IN-1,CDK9,, IC50, 270 nM,,
CDK8/19-IN-1,CDK19,CycC, IC50, 0.99 nM,,O=C(C1=C2CCC3=C(SN=C3)C2=C(OC4=CC=C(C(NCCOC)=O)N=C4)S1)N
CDK8/19-IN-2,CDK8,CycC, IC50, 2.08 nM,,
CDK8/19-IN-2,CDK19,CycC, IC50, 2.49 nM,,BrC1=C(C=C2N(C(N3CCNCC3)=NC2=C1C(F)F)C4CCOCC4)Br
CDK9-IN-1,CDK9,CycT1, IC50, 39 nM,,CC1=C(NS(C)(=O)=O)C=C(NC2=NC=NC(C3=CC=CC(N4C(C5=C(C=CC=C5)C4=O)=O)=C3)=C2)C=C1
CDK9-IN-12,CDK9,cyclinT1, IC50, 5.41 nM,,ClC1=C(C=C(C=N1)N[C@@H](CO)C2=CC=CC=C2)C3=CC=C(C4=C3)NN=C4C
CDK9-IN-13,CDK1,, IC50, 0.14 μM,,
CDK9-IN-13,CDK2,, IC50, 0.72 μM,,
CDK9-IN-13,CDK7,, IC50, 0.40 μM,,
CDK9-IN-13,CDK9,, IC50, <3 nM,,
CDK9-IN-13,CDK12,, IC50, 0.055 μM,,CC(C)N1C=C(C2=CC=NC3=C2C=C(C4CCN(CC(N5CCCCC5)=O)CC4)N3)C=CC1=O
CDK9-IN-14,CDK9,, IC50, 6.92 nM,,O=C([C@@H]1C[C@H](NC(CO)=O)CCC1)NC2=NC=C(F)C(C3=CC=C(F)C=C3OC)=C2
CDK9-IN-19,CDK9,cyclinT1, IC50, 2 nM,,O=C1C(C(C)=O)=C(N2CCOCC2)C3=C(O1)C=C(NC4=NC=C(F)C(C5=CC=C(F)C=C5OC)=N4)C=C3
CDK9-IN-2,CDK9,, IC50, 5 nM (H929 multiple myeloma cell line),,ClC1=CN=C(N[C@@H]2CC[C@@H](N)CC2)C=C1C3=NC(NCC4=CC(F)=CC=C4)=CC=C3
CDK9-IN-22,cdk2,cyclin A, IC50, 876.2 nM,,
CDK9-IN-22,CDK9,cyclinT1, IC50, 10.4 nM,,CN(CCNC(C1=CC=C(C=C1)NC2=NC(C3=C(C=C(C=C3)F)OCC4=CC=CC=C4)=CC=N2)=O)C
CDK9-IN-23,CDK9,, IC50, <20 nM,,ClC1=C(C=C(N=C1)NC([C@@H]2C[C@@H](CCC2)NC(C)=O)=O)C3=C4C(NCCO4)=CC=C3
CDK9-IN-24,CDK9,,,No actual data,,CN(CC1)CC=C1C2=C3C(C(C=C(C4=CC=C(N5CCN(C)CC5)C=C4)O3)=O)=C(O)C=C2OC
CDK9-IN-32,CDK9,,,,,O=C1C=C(CSC2=NN=NN2C3=CC=CC=C3)N=C4NC(NC5=CC=CC(C)=C5)=NCN41
CDK9-IN-7,CDK4,cyclin D, IC50, 148 nM,,
CDK9-IN-7,CDK6,cyclinD, IC50, 145 nM,,
CDK9-IN-7,CDK9,cyclinT1, IC50, 11 nM,,O=C(N(C)C)C1=CC2=CN=C(NC3=CC=C(NC(CCCCCCCN=C=S)=O)C=C3)N=C2N1C4CCCC4
CDK9-IN-8,CDK9,, IC50, 12 nM,,FC1=CC=C(NC(C2(CC2)C(NC3=CC=C(NC4=NC=C5C(N(C6CCCC6)C(C(N(C)C)=O)=C5)=N4)C=C3)=O)=O)C=C1
CDK9-IN-9,CDK2,, IC50, 155 nM,,
CDK9-IN-9,CDK9,, IC50, 1.8 nM,,CS(CC1=CC2=CC(NC3=NC=C(C(C4=CC=C(C(NCCCCO2)=C4)F)=N3)F)=C1)(=O)=N
CGP-82996,CDK1,cyclinB, IC50, >100 μM,,
CGP-82996,CDK2,cyclinA, IC50, >50 μM,,
CGP-82996,CDK2,cyclin E, IC50, >50 μM,,
CGP-82996,Cdk4,cyclin D1, IC50, 1.5 μM,,
CGP-82996,CDK4,cyclin D2, IC50, >50 μM,,
CGP-82996,CDK5,p35, IC50, 25 μM,,
CGP-82996,CDK6,cyclinD1, IC50, 5.6 μM,,
CGP-82996,Cdk6,cyclin D2, IC50, >50 μM,,O[C@H]1CC[C@H](NC2=NC(NC3=CC4=C(N(CC5=CC=CC=C5)C=C4)C=C3)=NC(NCC)=C2)CC1
CGP60474,CDK1-Cyclin B,, IC50, 26 nM,,
CGP60474,CDK2,cyclinE, IC50, 3 nM,,
CGP60474,cdk2,cyclin A, IC50, 4 nM,,
CGP60474,CDK4,cyclin D, IC50, 216 nM,,
CGP60474,Cdk5,p25, IC50, 10 nM,,
CGP60474,CDK7,cyclin H, IC50, 200 nM,,
CGP60474,CDK9,cycT, IC50, 13 nM,,ClC1=CC(NC2=NC=CC(C3=CC=NC(NCCCO)=C3)=N2)=CC=C1
Cimpuciclib,CDK4,, IC50, 0.49 nM,,
Cimpuciclib,CDK6,, IC50, 9.56 nM,,O=C(N1CCC(CC1)NC2CC2)C3=CC=C(NC4=NC(C5=CC6=C(N=C(C)N6C(C)C)C=C5)=C(F)C=N4)N=C3C
Cimpuciclib tosylate,CDK4,, IC50, 0.49 nM,,O=C(N1CCC(CC1)NC2CC2)C3=CC=C(NC4=NC(C5=CC6=C(N=C(C)N6C(C)C)C=C5)=C(F)C=N4)N=C3C.O=S(O)(C7=CC=C(C)C=C7)=O
Cimpuciclib tosylate,CDK6,, IC50, 9.56 nM,,
CLK-IN-T3,CLK1,, IC50, 0.67 nM,,
CLK-IN-T3,CLK2,, IC50, 15 nM,,
CLK-IN-T3,CLK3,, IC50, 110 nM,,CC(C1=CC=C(C(NC2=CN3C=C(C4=CC=NC=C4)C=CC3=N2)=O)C=C1)(C)C(N5CCN(C)CC5)=O
CLK1-IN-1,CLK1,, IC50, 2 nM,,C[C@@H](C1=CC=C(F)C=C1)N2N=NC3=C2C4=CC(C5=CC=C6C(N=CO6)=C5)=CC=C4N=C3
CLK1-IN-3,CLK1,, IC50, 5 nM,,
CLK1-IN-3,CLK2,, IC50, 42 nM,,
CLK1-IN-3,CLK4,, IC50, 108 nM,,CN1CCN(CC1)C2=CC=C(C=C2)C(NC3=CN=C4NC=C(C4=C3)C5=CN=CC(F)=C5)=O
CLK1/2-IN-1,CLK1,, IC50, 16 nM,,
CLK1/2-IN-1,CLK2,, IC50, 45 nM,,O=C(NC1=CN2C=C(C(F)(F)F)C=CC2=N1)C3=CC=C(C(C)(C)CCC4=NNN=N4)C=C3
CLK1/2-IN-3,CLK1,, IC50, 1.1 nM,,
CLK1/2-IN-3,CLK2,, IC50, 2.1 nM,,O=C(NC1=CN2C=C(C3=CNN=C3)C=CC2=N1)C4=CC=C(C(C)(C)CO)C=C4
CLK1/4-IN-1,CLK1,, IC50, 9.7 nM,,
CLK1/4-IN-1,CLK4,, IC50, 6.6 nM,,O=C(NC(C1=C(C=CC(Cl)=C1)OC)=O)C2=CC3=CC(OC)=CC=C3S2
CLZX-205,CDK9,, IC50, 2.9 nM,,CC(N1N=NC2=C1C=C(C3=CC=NC(NC4=CC(C(N5CCCN(CC5)C)=O)=CC=N4)=C3)C=C2)C
CPS2,CDK2,, IC50, 24 nM,,O=C(N1)CCC(N2C(C3=CC=CC(NCCOCCOCCN4N=NC(COCCNS(C5=CC=C(C=C5)NC6=NN(C(N)=N6)C(C7=C(C=CS7)C)=O)(=O)=O)=C4)=C3C2=O)=O)C1=O
CVT-313,Cdk1,cyclin B, IC50, 4.2 μM,,
CVT-313,cdk2,cyclin A, IC50, 0.5 μM,,
CVT-313,Cdk4,cyclin D1, IC50, 215 μM,,CC(N1C=NC2=C(NCC3=CC=C(OC)C=C3)N=C(N(CCO)CCO)N=C12)C
Dalpiciclib,CDK4,, IC50, 12.4 nM,,
Dalpiciclib,CDK6,, IC50, 9.9 nM,,O=C1C(C(C)=O)=C(C)C2=C(N1C3CCCC3)N=C(NC4=NC=C(C5CCNCC5)C=C4)N=C2
Dalpiciclib hydrochloride,CDK4,, IC50, 12.4 nM,,O=C1C(C(C)=O)=C(C)C2=C(N1C3CCCC3)N=C(NC4=NC=C(C5CCNCC5)C=C4)N=C2.[H]Cl
Dalpiciclib hydrochloride,CDK6,, IC50, 9.9 nM,,
Dinaciclib,CDK1,, IC50, 3 nM,,
Dinaciclib,CDK2,, IC50, 1 nM,,
Dinaciclib,CDK5,, IC50, 1 nM,,
Dinaciclib,CDK9,, IC50, 4 nM,,OCC[C@H]1N(CCCC1)C2=NC3=C(C=NN3C(NCC4=C[N+]([O-])=CC=C4)=C2)CC
DS96432529,CDK8,, IC50,500nM,,O=C(C1=C(N)C2=C(N3C[C@@H](COCCOCC)CCC3)C=CN=C2S1)N
Ebvaciclib,CDK2,, IC50, 0.02 μM,,
Ebvaciclib,CDK4,, IC50, 0.04 μM,,
Ebvaciclib,CDK6,, IC50, 0.03 μM,,O=C1N([C@H]2[C@](O)(CCC2)C)C3=NC(NC4CCN(CC4)S(C)(=O)=O)=NC=C3C=C1C(F)F
EF-4-177,CDK2,cyclinE, IC50, 87 nM,,N#CC1=CC2=C(C(CCNC3=C(C=C(C=C3)S(F)(F)(F)(F)F)C(O)=O)=CN2)C=C1
EGFR-IN-45,CDK2,, IC50, 1.6 μM,,NC1=NC(C2=CC=CC=C2)=NC3=C1C(NC4=CC=CC=C43)=NC5=C(C)N(C)N(C6=CC=CC=C6)C5=O
EHT 5372,CLK1,, IC50, 22.8 nM,,
EHT 5372,CLK2,, IC50, 88.8 nM,,
EHT 5372,CLK4,, IC50, 59.0 nM,,N=C(C(S1)=NC2=C1C3=C(NC4=CC=C(Cl)C=C4Cl)N=CN=C3C=C2)OC
Fadraciclib,CDK2,, IC50,5 nM,,
Fadraciclib,CDK9,, IC50,26 nM,,C[C@@H](O)[C@@H](NC1=NC(NCC2=C(C)C=C(C)N=C2)=C3N=CN(C(C)C)C3=N1)CC
Fascaplysin,CDK4,, IC50,6.2 μM,,O=C1C2=C3NC4=C(C=CC=C4)C3=CC=[N+]2C5=C1C=CC=C5.[Cl-]
FIT-039,CDK9,cyclinT1, IC50, 5.8 μM,,FC1=CC(NC(C2=CC=NC=C2)=S)=C(N3CCCCC3)C=C1
Flavopiridol,CDK1,Cyc B1, IC50, 30 nM,,
Flavopiridol,CDK2,Cyc E, IC50, 170 nM,,
Flavopiridol,CDK4,Cyc D1, IC50, 100 nM,,O=C1C2=C(C=C(C([C@]3([H])[C@H](O)CN(C)CC3)=C2OC(C4=CC=CC=C4Cl)=C1)O)O
Flavopiridol Hydrochloride,CDK1,Cyc B1, IC50, 30 nM,,O=C1C2=C(C=C(C([C@]3([H])[C@H](O)CN(C)CC3)=C2OC(C4=CC=CC=C4Cl)=C1)O)O.[H]Cl
Flavopiridol Hydrochloride,CDK2,Cyc E, IC50, 170 nM,,
Flavopiridol Hydrochloride,CDK4,Cyc D1, IC50, 100 nM,,
FLT3/CDK4-IN-1,CDK4,, IC50, 7 nM,,CC(N1N=CC2=NC=C(C3=NC(NC4=CC=C(N5CCN(CC)CC5)C(F)=C4)=NC=C3F)C=C21)C
FMF-04-159-2,CDK2,, IC50, 256 nM (in NanoBRET assay),,
FMF-04-159-2,CDK14,Cyclin Y, IC50, 39.6 nM (in NanoBRET assay),,O=C(C1=NNC=C1NC(C2=C(Cl)C=C(Cl)C=C2Cl)=O)NC3CCN(S(=O)(C4=CC=CC(NC(/C=C/CN(C)C)=O)=C4)=O)CC3
FN-1501,cdk2,cyclin A, IC50, 2.47 nM,,
FN-1501,Cdk4,cyclin D1, IC50, 0.85 nM,,
FN-1501,CDK6,cyclinD1, IC50, 1.96 nM,,O=C(C1=NNC=C1NC2=NC=NC3=C2C=CN3)NC4=CC=C(CN5CCN(C)CC5)C=C4
FN-1501-propionic acid,CDK2,,,Salt,,
FN-1501-propionic acid,CDK9,,,Salt,,O=C(O)CCC(N1CCN(CC2=CC=C(NC(C3=NNC=C3NC4=C5C(NC=C5)=NC=N4)=O)C=C2)CC1)=O
GFB-12811,CDK2,CycA, IC50, 211 nM,,
GFB-12811,Cdk5,p25, IC50, 2.3 nM,,
GFB-12811,CDK7,Cyclin H/MAT1, IC50, 718 nM,,
GSK 3 Inhibitor IX,Cdk1,cyclin B, IC50, 320 nM,,
GSK 3 Inhibitor IX,cdk2,cyclin A, IC50, 300 nM,,
GSK 3 Inhibitor IX,Cdk4,cyclin D1, IC50, 10 μM,,
GSK 3 Inhibitor IX,CDK5,p35, IC50, 80 nM,,O/N=C(C1=CC=CC=C1N2)/C2=C3C(NC4=C/3C=CC(Br)=C4)=O
GSK-3 inhibitor 3,CDK2,, IC50, 0.22 μM,,
GSK-3 inhibitor 3,CDK5,, IC50, 1.3 μM,,FC1=CC=C(C2=C(C=NC=C2)NC(C3=CC=NC(NC4=CC=C(C#N)C=C4)=N3)=O)C=C1
GSK-3 inhibitor 4,CDK2,, IC50, 0.47 μM,,
GSK-3 inhibitor 4,CDK5,, IC50, 0.68 μM,,O=C(C1=NC(NC2=CC=C(C=C2)F)=NC=C1)NC3=C(C4=CC=C(F)C=C4)C=CN=C3
GW297361,yeast Cdk1,, IC50, 20 nM,,
GW297361,human CDK1,, IC50, 30 nM,,
GW297361,human CDK2,, IC50, 1.9 nM,,
GW297361,human CDK4,, IC50, 300 nM,,
GW297361,human CDK9,, IC50, 10 nM,,
GW297361,yeast Pho85,, IC50, 400 nM,,O=S(C1=CC=C(N/C=C(C2=C(SC=N3)C3=CC=C2N4)\C4=O)C=C1)(N)=O
GW8510,CDK1,, IC50,110 nM,,
GW8510,CDK2,, IC50,10 nM,,
GW8510,CDK4,, IC50,130 nM,,O=S(C1=CC=C(N/C=C(C2=C(SC=N3)C3=CC=C2N4)\C4=O)C=C1)(NC5=NC=CC=C5)=O
Haspin-IN-1,CLK1,, IC50, 221 nM,,CSC1=NC2=C(C3=C(C=C2C=N1)C=NC=C3)[N+]([O-])=O
Haspin-IN-2,CLK1,, IC50, 445 nM,,COC1=NC2=C(C3=C(C=C2C=N1)C=NC=C3)[N+]([O-])=O
HDAC1/2 and CDK2-IN-1,CDK2,, IC50, 0.80 nM,,O=C(NC1=CC=CC=C1N)C2=CC=C(CN3C=NC4=C(NC5=CC=C(C)C=C5)N=C(Cl)N=C34)C=C2
HDAC1/CDK7-IN-1,CDK7,, IC50, 893 nM,,O=C(C1=CC(NC(CCCCCCC(NO)=O)=O)=CC=C1)NC2=CC(NC3=NC(C4=CNC5=C4C=CC=C5)=C(Cl)C=N3)=CC=C2
HS-243,CLK4,, IC50, 662 nM,,O=C(NC1=NC2=CC=CC=C2N1CCC)C3=CC=CC([N+]([O-])=O)=C3
hSMG-1 inhibitor 11e,CDK1,, IC50, 32 μM,,
hSMG-1 inhibitor 11e,CDK2,, IC50, 7.1 μM,,O=S(C1=CC(NC2=NC=CC(C3=CC(C4=CC=C(NC(NC)=O)C=C4)=NC=C3)=N2)=CC=C1C)(N(C)C)=O
hSMG-1 inhibitor 11j,CDK1,, IC50, 32 μM,,
hSMG-1 inhibitor 11j,CDK2,, IC50, 7.1 μM,,O=S(C1=CC(NC2=NC=CC(C3=CC(C4=CC=C(NC(NC)=O)C=C4)=NC=C3)=N2)=CC=C1Cl)(N(CC)CC)=O
HTH-01-091,CDK7,, IC50, 1230 nM,,O=C1N([C@H]2CC[C@H](CN(C)C)CC2)C3=C(CN1)C=NC4=CC=C(C5=CC(Cl)=C(O)C(Cl)=C5)C=C34
IIIM-290,CDK2,A, IC50, 90 nM,,
IIIM-290,CDK9,T1, IC50, 94 nM,,OC1=C2C(OC(/C=C/C3=C(Cl)C=CC=C3Cl)=CC2=O)=C([C@]4([H])[C@H](O)CN(C)CC4)C(O)=C1
Indirubin-3'-monoxime-5-sulphonic acid,CDK1,, IC50, 5 nM,,
Indirubin-3'-monoxime-5-sulphonic acid,CDK5,, IC50, 7 nM,,O=S(C1=CC2=C(NC(/C2=C3NC4=C(C=CC=C4)C/3=N\O)=O)C=C1)(O)=O
Indirubin-5-sulfonate,Cdk1,cyclin B, IC50, 55 nM,,
Indirubin-5-sulfonate,cdk2,cyclin A, IC50, 35 nM,,
Indirubin-5-sulfonate,CDK2,cyclinE, IC50, 150 nM,,
Indirubin-5-sulfonate,Cdk4,cyclin D1, IC50, 300 nM,,
Indirubin-5-sulfonate,CDK5,p35, IC50, 65 nM,,O=S(C1=CC2=C(NC(/C2=C3NC4=C(C=CC=C4)C/3=O)=O)C=C1)(O)=O
Ipivivint,CDK2,, EC50, 1 nM,,
Ipivivint,CDK3,, EC50, 7 nM,,CN(C)CC1=CC(C2=CN=C(NN=C3C(N4)=NC5=C4C(C6=CC(F)=CC=C6)=CN=C5)C3=C2)=CN=C1
IV-361,CDK2,, Ki, ≥1000 nM,,
IV-361,CDK7,, Ki, ≤50 nM,,O=C(N(C1)C(C)(C)C2=C1C(NC(C3([Si](C)(C)C)CCC3)=O)=NN2)NC4=CC(F)=CC=C4C
JA397,CDK14,Cyclin Y, EC50, 27.1 nM,,
JA397,CDK16,Cyclin Y, EC50, 39.0 nM,,O=C(OC(C)(C)C)NC(C=C1)=CC=C1CNC2=NC=CC(NC3=NNC(C(OC(C)(C)C)=O)=C3)=N2
JH-XI-10-02,CDK8,, IC50, 159 nM,,O=C(N([C@H]1CC[C@]2(C)[C@@]3([H])CC[C@]4(C)[C@@H](C5=CC6=C(C=C5)C=CN=C6)CC[C@@]4([H])[C@]3([H])CC[C@@]2([H])C1)C)CCOCCOCCOCCOCCNC7=CC=CC(C(N8C(CC9)C(NC9=O)=O)=O)=C7C8=O
JH-XVI-178,CDK8,, IC50, 1 nM,,
JH-XVI-178,CDK19,, IC50, 2 nM,,ClC1=NNC2=NC=C(C3=CC(C=NN4C)=C4C=C3)C(N5CCC6(CCNC6=O)CC5)=C21
JNJ-7706621,Cdk1,cyclin B, IC50, 9 nM,,
JNJ-7706621,CDK2,cyclinE, IC50, 3 nM,,
JNJ-7706621,cdk2,cyclin A, IC50, 4 nM,,
JNJ-7706621,CDK3,Cyclin E, IC50, 58 nM,,
JNJ-7706621,Cdk4,cyclin D1, IC50, 253 nM,,
JNJ-7706621,CDK6,cyclinD1, IC50, 175 nM,,O=S(C1=CC=C(NC2=NN(C(C3=C(F)C=CC=C3F)=O)C(N)=N2)C=C1)(N)=O
JSH-0009 dimaleate,CDK1,cyclinB, IC50, 5410 nM,,COC[C@@H](C)N[C@@H](CC1)CC[C@H]1NC2=CC(C3=CSC(NCC4(CCOCC4)C#N)=N3)=C(Cl)C=N2.OC(/C=C\C(O)=O)=O.OC(/C=C\C(O)=O)=O
JSH-0009 dimaleate,CDK2,cyclinA, IC50, 6850 nM,,
JSH-0009 dimaleate,CDK3,cyclin E1, IC50, >10,,
JSH-0009 dimaleate,Cdk5,p25, IC50, 6950 nM,,
JSH-0009 dimaleate,CDK7,Cyclin H/MNAT1, IC50, 3700 nM,,
JSH-0009 dimaleate,CDK8,cyclin C, IC50, >10,,
JSH-0009 dimaleate,CDK9,cyclinT1, IC50, 0.928 nM,,
JSH-0009 dimaleate,CDK11,, IC50, >10,,
JSH-0009 dimaleate,CDK14,Cyclin Y, IC50, 2710 nM,,
JSH-0009 dimaleate,CDK16,Cyclin Y, IC50, 195 nM,,
JSH-150,Cdk1,cyclin B, IC50, 1.34 μM,,
JSH-150,cdk2,cyclin A, IC50, 2.86 μM,,
JSH-150,Cdk5,p25, IC50, 4.64 μM,,
JSH-150,CDK7,Cyclin H/MNAT1, IC50, 1.72 μM,,
JSH-150,CDK9,cyclinT1, IC50, 1 nM,,
JSH-150,CDK14,Cyclin Y, IC50, 1.68 μM,,
JSH-150,CDK16,Cyclin Y, IC50, 292 nM,,COCCN[C@@H]1CC[C@@H](NC2=NC=C(Cl)C(C3=CSC(NCC4(C#N)CCOCC4)=N3)=C2)CC1
K00546,Cdk1,cyclin B, IC50, 0.6 nM,,
K00546,cdk2,cyclin A, IC50, 0.5 nM,,
K00546,CLK1,, IC50, 8.9 nM,,
K00546,CLK3,, IC50, 29.2 nM,,S=C(N1N=C(NC2=CC=C(S(=O)(N)=O)C=C2)N=C1N)NC3=C(F)C=CC=C3F
KB-0742,CDK9,cyclinT1, IC50, 6 nM,,N[C@@H]1C[C@@H](NC2=CC(C(CC)CC)=NC3=CC=NN23)CC1
KB-0742 dihydrochloride,CDK9,cyclinT1, IC50, 6 nM,,N[C@@H]1C[C@@H](NC2=CC(C(CC)CC)=NC3=CC=NN23)CC1.[H]Cl.[H]Cl
KDM1/CDK1-IN-1,CDK1,, IC50, 0.078 ± 2. μM,,O=C(C1=C(O)N2C(N=C1)=C(C3=NC4=CC=CC=C4S3)C(NC5=CC=CC=C5)=N2)OCC
Kenpaullone,Cdk1,cyclin B, IC50, 0.4 μM,,
Kenpaullone,cdk2,cyclin A, IC50, 0.68 μM,,
Kenpaullone,CDK2,cyclinE, IC50, 7.5 μM,,
Kenpaullone,CDK5,p35, IC50, 0.85 μM,,O=C1NC2=CC=CC=C2C(NC3=C4C=C(Br)C=C3)=C4C1
KH-CB19,CLK1,, IC50, 19.7 nM,,
KH-CB19,CLK3,, IC50, 530 nM,,CCOC(C1=C(C2=C(C(Cl)=C(C=C2)Cl)N1C)/C(C#N)=C\N)=O
KH-CB20,CLK1,, IC50, 16.5 nM,,
KH-CB20,CLK3,, IC50, 488 nM,,CCOC(C1=C(C2=C(C(Cl)=C(C=C2)Cl)N1C)/C(C#N)=C\N)=O
LDC000067,cdk1-cyclin B1,, IC50, 5513 nM,,
LDC000067,cdk2-cyclin A,, IC50, 2441 nM,,
LDC000067,cdk4-cyclin D1,, IC50, 9242 nM,,
LDC000067,CDK9- Cyclin T1,, IC50, 44 nM,,O=S(CC1=CC=CC(NC2=NC=NC(C3=CC=CC=C3OC)=C2)=C1)(N)=O
LDC4297,CDK7,, IC50, 0.13 nM,,CC(C)C1=C(N2N=C1)N=C(OC3CNCCC3)N=C2NCC4=CC=CC=C4N5C=CC=N5
LDC4297 hydrochloride,CDK7,, IC50, 0.13 nM,,CC(C)C1=C(N2N=C1)N=C(OC3CNCCC3)N=C2NCC4=CC=CC=C4N5C=CC=N5.[H]Cl
Lerociclib,CDK1,cyclinB1, IC50, 2.4 μM,,
Lerociclib,cdk2,cyclin A, IC50, 1.5 μM,,
Lerociclib,CDK2,cyclinE, IC50, 3.6 μM,,
Lerociclib,Cdk4,cyclin D1, IC50, 1 nM,,
Lerociclib,CDK5,p35, IC50, 0.832 μM,,
Lerociclib,Cdk5,p25, IC50, 1.2 μM,,
Lerociclib,cdk6,cyclin D3, IC50, 2 nM,,
Lerociclib,CDK7,Cyclin H/MAT1, IC50, 2.4 μM,,
Lerociclib,CDK9,Cyclin T, IC50, 28 nM,,O=C1NCC2(N3C1=CC4=CN=C(NC5=NC=C(N6CCN(C(C)C)CC6)C=C5)N=C43)CCCCC2
Lerociclib dihydrochloride,CDK1,cyclinB1, IC50, 2.4 μM,,O=C1NCC2(N3C1=CC4=CN=C(NC5=NC=C(N6CCN(C(C)C)CC6)C=C5)N=C43)CCCCC2.Cl.Cl
Lerociclib dihydrochloride,cdk2,cyclin A, IC50, 1.5 μM,,
Lerociclib dihydrochloride,CDK2,cyclinE, IC50, 3.6 μM,,
Lerociclib dihydrochloride,Cdk4,cyclin D1, IC50, 1 nM,,
Lerociclib dihydrochloride,CDK5,p35, IC50, 832 nM,,
Lerociclib dihydrochloride,Cdk5,p25, IC50, 1.2 μM,,
Lerociclib dihydrochloride,cdk6,cyclin D3, IC50, 2 nM,,
Lerociclib dihydrochloride,CDK7,Cyclin H/MAT1, IC50, 2.4 μM,,
Lerociclib dihydrochloride,CDK9,Cyclin T, IC50, 28 nM,,
Longdaysin,CDK7,, IC50, 29 μM,,FC(F)(F)C1=CC=CC(CNC2=NC=NC3=C2N=CN3C(C)C)=C1
LY2857785,CDK7,, IC50, 0.246 μM,,
LY2857785,CDK8,, IC50, 0.016 μM,,
LY2857785,CDK9,, IC50, 0.011 μM,,CC(C1=C2C=C(C3=NC(N[C@H]4CC[C@H](NC5CCOCC5)CC4)=NC=C3)C=CC2=NN1C)C
LY3177833,Cdc7,, IC50, 3.3 nM,,O=C1N[C@@](C)(C2=NC=NC=C2F)C3=C1C=C(C4=CNN=C4)C=C3
LY3177833 monhydrate,Cdc7,, IC50, 3.3 nM,,O=C1N[C@@](C)(C2=NC=NC=C2F)C3=C1C=C(C4=CNN=C4)C=C3.[H]O[H]
Manzamine A,CDK5,, IC50, 1.5 μM,,O[C@]1(CC/C=C\CCCC2)[C@@]3([H])[C@@](C[C@@]4([H])N3CCCC/C=C\4)(C[N@@]2CC5)[C@]5([H])C(C6=C(NC7=CC=CC=C87)C8=CC=N6)=C1
Manzamine A hydrochloride,CDK5,, IC50, 1.5 μM,,O[C@]1(CC/C=C\CCCC2)[C@@]3([H])[C@@](C[C@@]4([H])N3CCCC/C=C\4)(C[N@@]2CC5)[C@]5([H])C(C6=C(NC7=CC=CC=C87)C8=CC=N6)=C1.Cl
MBQ-167,Cdc42,, IC50, 78 nM,,CCN1C2=C(C3=C1C=CC=C3)C=C(N4N=NC=C4C5=CC=CC=C5)C=C2
MC180295,CDK1-Cyclin B,, IC50, 138 nM,,
MC180295,cdk2-cyclin A,, IC50, 233 nM,,
MC180295,cdk2-cyclin E,, IC50, 367 nM,,
MC180295,CDK3-Cyclin E,, IC50, 399 nM,,
MC180295,CDK4-Cyclin D,, IC50, 112 nM,,
MC180295,cdk5-p35,, IC50, 159 nM,,
MC180295,cdk5-p25,, IC50, 186 nM,,
MC180295,cdk6-cyclin D3,, IC50, 712 nM,,
MC180295,CDK7-CycH,MAT1, IC50, 555 nM,,
MC180295,CDK9- Cyclin T1,, IC50, 5 nM,,NC1=C(C(C2=CC=CC=C2[N+]([O-])=O)=O)SC(N[C@@H]3[C@H](C4)CC[C@H]4C3)=N1
MeBIO,Cdk1,cyclin B, IC50, 55 μM,,
MeBIO,Cdk5,p25, IC50, >100 μM,,O=C1N(C)C2=C(C=CC(Br)=C2)/C1=C3NC4=C(C=CC=C4)C/3=N\O
Mevociclib,CDK7,, IC50, 0.02 μM,,
Mevociclib,CDK12,, IC50, 0.02 μM,,O=C(C1=NC=C(NC(/C=C/CN(C)C)=O)C=C1)N[C@@]2(C)CCC[C@@H](NC3=NC=C(Cl)C(C4=CNC5=C4C=CC=C5)=N3)C2
Milciclib,cyclin B,CDK1, IC50, 398 nM,,
Milciclib,cyclin A,CDK2, IC50, 45 nM,,
Milciclib,cyclin E,CDK2, IC50, 363 nM,,
Milciclib,cyclin D1,CDK4, IC50, 160 nM,,
Milciclib,cyclin H,CDK7, IC50, 150 nM,,O=C(NC)C1=NN(C2=C1C(C)(CC3=CN=C(N=C23)NC4=CC=C(C=C4)N5CCN(CC5)C)C)C
ML167,CDK3,, IC50, ＞10000 nM,,
ML167,CLK4,, IC50, 136 nM,,
ML167,CLK1,, IC50, 1522 nM,,
ML167,CLK2,, IC50, 1648 nM,,OCC1=CC=C(C2=CC3=C(NCC4=CC=C(C)O4)N=CN=C3C=C2)O1
MSC2530818,CDK8,, IC50, 2.6 nM,,O=C(N1[C@H](C2=CC=C(Cl)C=C2)CCC1)C3=CN=C(NN=C4C)C4=C3
Multi-kinase-IN-4,CDK2,, IC50, 2.09 μM,,O=C1N(C/C=C(CC)\C)C(SCC2=CC=C(Cl)C=C2)=NC3=C1C=C(F)C=C3
Multi-kinase-IN-6,CDK2,, IC50, 0.71 μM,,COC(C=C1)=CC=C1C2=CC=NC3=C(C4=NOC(C)=N4)C(C)=NN32
Narazaciclib,Cdk4,cyclin D1, IC50, 3.9 nM,,
Narazaciclib,CDK6,cyclinD1, IC50, 9.82 nM,,N#CC1=CC2=CN=C(NC3=CC=C(N4CCN(C)CC4)C=C3)N=C2N(C5CCCC5)C1=O
NG 52,cdc2-cyclin B,, IC50, 0.34 μM,,
NG 52,Pho85p,, IC50, 2 nM,,ClC1=CC(NC2=NC(NCCO)=NC3=C2N=CN3C(C)C)=CC=C1
NSC 625987,CDK4,D1, IC50, 0.2 μM,,S=C1C2=C(C=CC=C2)NC3=C(OC)C=CC(OC)=C13
NSC693868,Cdk1,cyclin B, IC50, 600 nM,,NC1=NNC2=NC3=CC=CC=C3N=C21
NSC693868,Cdk5,p25, IC50, 400 nM,,
NU2058,CDK1,, IC50, 26 μM,,
NU2058,CDK2,, IC50, 17 μM,,
NU2058,CDK2,, Ki, 12 μM,,NC1=NC(OCC2CCCCC2)=C3NC=NC3=N1
NU6027,CDK1,, Ki, 2.5 μM,,
NU6027,CDK2,, Ki, 1.3 μM,,NC1=NC(OCC2CCCCC2)=C(N=O)C(N)=N1
NU6102,Cdk1,cyclin B, IC50, 9.5 nM,,
NU6102,CDK2,cyclin A3, IC50, 5.4 nM,,
NU6102,CDK4,, IC50, 1.6 μM,,O=S(C1=CC=C(NC2=NC(OCC3CCCCC3)=C4N=CNC4=N2)C=C1)(N)=O
NU6140,CDK1-Cyclin B,, IC50, 6.6 μM,,
NU6140,cdk2-cyclin A,, IC50, 0.41 μM,,
NU6140,CDK4-Cyclin D,, IC50, 5.5 μM,,
NU6140,cdk5-p25,, IC50, 15 μM,,
NU6140,cdk7-cyclin H,, IC50, 3.9 μM,,CCN(CC)C(C(C=C1)=CC=C1NC2=NC(OCC3CCCCC3)=C4C(N=CN4)=N2)=O
NU6300,CDK2,, IC50, 0.16 μM,,O=S(C(C=C1)=CC=C1NC2=NC(OCC3CCCCC3)=C4C(NC=N4)=N2)(C=C)=O
NVP-2,CDK9,, IC50, 0.5 nM,,ClC1=CN=C(N[C@H]2CC[C@H](N[C@H](C)COC)CC2)C=C1C3=CC=CC(NCC4(C#N)CCOCC4)=N3
NVP-LCQ195,Cdk1,cyclin B, IC50, 2 nM,,
NVP-LCQ195,cdk2,cyclin A, IC50, 2 nM,,
NVP-LCQ195,CDK2,cyclinE, IC50, 5 nM,,
NVP-LCQ195,CDK3,Cyclin E, IC50, 42 nM,,
NVP-LCQ195,Cdk5,p25, IC50, 1 nM,,
NVP-LCQ195,CDK5,p35, IC50, 1 nM,,
NVP-LCQ195,cdk6,cyclin D3, IC50, 187 nM,,
NVP-LCQ195,CDK7,Cyclin H/MAT1, IC50, 3564 nM,,
NVP-LCQ195,CDK9,cyclinT1, IC50, 15 nM,,CS(=O)(N1CCC(NC(C2=C(NC(C3=C(Cl)C=CC=C3Cl)=O)C=NN2)=O)CC1)=O
Olomoucine,cdk2-cyclin A,, IC50, 7 μM,,
Olomoucine,cdk2-cyclin E,, IC50, 7 μM,,
Olomoucine,cdk5-p35,, IC50, 25 μM,,CN1C=NC2=C(NCC3=CC=CC=C3)N=C(NCCO)N=C12
OTS964 hydrochloride,CDK11B,, Kd,Salt,,OC1=CC(C)=C2C(C3=C(SC=C3)C(N2)=O)=C1C4=CC=C([C@@H](C)CN(C)C)C=C4.Cl
Palbociclib,Cdk4,cyclin D3, IC50, 9 nM,,
Palbociclib,Cdk4,cyclin D1, IC50, 11 nM,,
Palbociclib,Cdk6,cyclin D2, IC50, 16 nM,,O=C1C(C(C)=O)=C(C2=CN=C(N=C2N1C3CCCC3)NC4=CC=C(N5CCNCC5)C=N4)C
PF 477736,CDK1,, Ki, 9.9 μM,,O=C([C@@H](C1CCCCC1)N)NC2=CC3=C(C(C=NNC4=O)=C(N3)C5=CN(N=C5)C)C4=C2
PF-07220060,Cdk4,cyclin D1, Ki, 0.6 nM,,
PF-07220060,cdk6,cyclin D3, Ki, 13.9 nM,,CC(N1C2=CC(C3=NC(N[C@H]4[C@@H](COCC4)O)=NC=C3Cl)=CC(F)=C2N=C1C(C)(O)C)C
PF-562271,CDK2,, IC50,30 nM,,
PF-562271,CDK3,, IC50,47 nM,,
PF-562271,CDK5,, IC50,120 nM,,
PF-562271,CDK7,, IC50,97 nM,,
PHA-767491,CDK1,, IC50, 250 nM,,
PHA-767491,CDK2,, IC50, 240 nM,,
PHA-767491,CDK5,, IC50, 460 nM,,
PHA-767491,CDK9,, IC50, 34 nM,,O=C1C2=C(NC(C3=CC=NC=C3)=C2)CCN1
PHA-767491 hydrochloride,CDK1,, IC50, 250 nM,,O=C1C2=C(NC(C3=CC=NC=C3)=C2)CCN1.[H]Cl
PHA-767491 hydrochloride,CDK2,, IC50, 240 nM,,
PHA-767491 hydrochloride,CDK5,, IC50, 460 nM,,
PHA-767491 hydrochloride,CDK9,, IC50, 34 nM,,
PHA-793887,Cdk1,cyclin B, IC50, 60 nM,,
PHA-793887,cdk2,cyclin A, IC50, 8 nM,,
PHA-793887,CDK2,cyclinE, IC50, 8 nM,,
PHA-793887,Cdk4,cyclin D1, IC50, 62 nM,,
PHA-793887,Cdk5,p25, IC50, 5 nM,,
PHA-793887,CDK7,cyclin H, IC50, 10 nM,,
PHA-793887,CDK9,cyclinT1, IC50, 138 nM,,CC(C)CC(NC1=NNC2=C1CN(C(C3CCN(C)CC3)=O)C2(C)C)=O
PNU112455A hydrochloride,CDK2,, Km, 3.6 μM,,O=S(C1=CC=C(NC2=NC=NC(N)=C2)C=C1)(N)=O.[H]Cl
PNU112455A hydrochloride,CDK5,, Km, 3.2 μM,,
Product Name,CDK Name,Proteins,Measurement Type,Measurement Value,,
Purvalanol A,cdc2-cyclin B,, IC50, 4 nM,,
Purvalanol A,cdk2-cyclin E,, IC50, 35 nM,,
Purvalanol A,cdk2-cyclin A,, IC50, 70 nM,,
Purvalanol A,cdk4-cyclin D1,, IC50, 850 nM,,
Purvalanol A,cdk5-p35,, IC50, 75 nM,,CC([C@@H](NC1=NC(NC2=CC=CC(Cl)=C2)=C3N=CN(C(C)C)C3=N1)CO)C
Purvalanol B,cdc2,cyclin B, IC50, 6 nM,,
Purvalanol B,cdk2,cyclin A, IC50, 6 nM,,
Purvalanol B,CDK2,cyclinE, IC50, 9 nM,,
Purvalanol B,CDK5,p35, IC50, 6 nM,,O=C(O)C1=CC=C(NC2=C3N=CN(C(C)C)C3=NC(N[C@@H](CO)C(C)C)=N2)C=C1Cl
R547,Cdk1,cyclin B, Ki, 2 nM,,
R547,Cdk1,cyclin B, IC50, 0.2 nM,,
R547,CDK2,cyclinE, Ki, 3 nM,,
R547,cdk2,cyclin A, IC50, 0.1 nM,,
R547,CDK2,cyclinE, IC50, 0.4 nM,,
R547,CDK3,Cyclin E, IC50, 0.8 nM,,
R547,CDK4,cyclin D, Ki, 1 nM,,
R547,CDK5,p35, IC50, 0.1 nM,,
R547,cdk6,cyclin D3, IC50, 4 nM,,
R547,CDK7,cyclin H, IC50, 171 nM,,O=S(N1CCC(NC2=NC(N)=C(C(C3=C(C(F)=CC=C3OC)F)=O)C=N2)CC1)(C)=O
RGB-286147,CDK1,cyclinB, IC50, 48 nM,,
RGB-286147,CDK2,E, IC50, 15 nM,,
RGB-286147,CDK4,D1, IC50, 839 nM,,
RGB-286147,cdk6,cyclin D3, IC50, 232 nM,,O=C1C2=C(N(C3=C(Cl)C=CC=C3Cl)N=C2C(C)C)N=C(CC4=CC=C(OCCO)C=C4)N1
RGB-286638,cyclin B1-CDK1,, IC50, 2 nM,,
RGB-286638,cyclin E-CDK2,, IC50, 3 nM,,
RGB-286638,cyclin E-CDK3,, IC50, 5 nM,,
RGB-286638,cyclin D1-CDK4,, IC50, 4 nM,,
RGB-286638,p35-CDK5,, IC50, 5 nM,,
RGB-286638,cyclin D3-CDK6,, IC50, 55 nM,,
RGB-286638,cyclin H-CDK7,, IC50, 44 nM,,
RGB-286638,T1-CDK9,, IC50, 1 nM,,O=C(NN1CCOCC1)NC2=CC=CC(C3=C4C(C5=CC=C(CN6CCN(CCOC)CC6)C=C5)=NN3)=C2C4=O.[H]Cl.[H]Cl
RGB-286638 free base,cyclin B1-CDK1,, IC50, 2 nM,,
RGB-286638 free base,cyclin E-CDK2,, IC50, 3 nM,,O=C(NN1CCOCC1)NC2=CC=CC(C3=C4C(C5=CC=C(CN6CCN(CCOC)CC6)C=C5)=NN3)=C2C4=O
RGB-286638 free base,cyclin E-CDK3,, IC50, 5 nM,,
RGB-286638 free base,cyclin D1-CDK4,, IC50, 4 nM,,
RGB-286638 free base,p35-CDK5,, IC50, 5 nM,,
RGB-286638 free base,cyclin D3-CDK6,, IC50, 55 nM,,
RGB-286638 free base,cyclin H-CDK7,, IC50, 44 nM,,
RGB-286638 free base,T1-CDK9,, IC50, 1 nM,,
Ribociclib,CDK4,, IC50, 10 nM,,
Ribociclib,CDK6,, IC50, 39 nM,,O=C(N(C)C)C(N1C2CCCC2)=CC(C1=N3)=CN=C3NC(N=C4)=CC=C4N5CCNCC5
Ribociclib hydrochloride,CDK4,, IC50, 10 nM,,
Ribociclib hydrochloride,CDK6,, IC50, 39 nM,,O=C(N(C)C)C(N1C2CCCC2)=CC(C1=N3)=CN=C3NC(N=C4)=CC=C4N5CCNCC5.Cl
Ribociclib succinate,CDK4,, IC50, 10 nM,,
Ribociclib succinate,CDK6,, IC50, 39 nM,,O=C(N(C)C)C(N1C2CCCC2)=CC(C1=N3)=CN=C3NC(N=C4)=CC=C4N5CCNCC5.OC(CCC(O)=O)=O
Ribociclib succinate hydrate,CDK4,, IC50, 10 nM,,
Ribociclib succinate hydrate,CDK6,, IC50, 39 nM,,O=C(N(C)C)C(N1C2CCCC2)=CC(C1=N3)=CN=C3NC(N=C4)=CC=C4N5CCNCC5.OC(CCC(O)=O)=O.[x H2O]
Riviciclib,CDK1-Cyclin B,, IC50, 0.079 μM,,
Riviciclib,cdk2-cyclin A,, IC50, 0.224 μM,,
Riviciclib,cdk2-cyclin E,, IC50, 2.540 μM,,
Riviciclib,cdk4-cyclin D1,, IC50, 0.063 μM,,
Riviciclib,cdk6-cyclin D3,, IC50, 0.396 μM,,
Riviciclib,CDK9- Cyclin T1,, IC50, 0.020 μM,,
Riviciclib,CDK9-cyclin H,, IC50, 2.900 μM,,O=C1C=C(C2=C(Cl)C=CC=C2)OC3=C([C@H]4[C@H](CO)N(C)CC4)C(O)=CC(O)=C13
Riviciclib hydrochloride,CDK1-Cyclin B,, IC50, 0.079 μM,,
Riviciclib hydrochloride,cdk2-cyclin A,, IC50, 0.224 μM,,
Riviciclib hydrochloride,cdk2-cyclin E,, IC50, 2.500 μM,,
Riviciclib hydrochloride,cdk4-cyclin D1,, IC50, 0.063 μM,,
Riviciclib hydrochloride,cdk6-cyclin D3,, IC50, 0.396 μM,,
Riviciclib hydrochloride,CDK9- Cyclin T1,, IC50, 0.020 μM,,
Riviciclib hydrochloride,CDK9-cyclin H,, IC50, 2.900 μM,,[H]Cl.O=C1C=C(C2=CC=CC=C2Cl)OC3=C([C@@H]4CCN(C)[C@H]4CO)C(O)=CC(O)=C31
Ro-3306,CDK1,, Ki, 20 nM,,
Ro-3306,CDK1,cyclinB1, Ki, 35 nM,,
Ro-3306,CDK1,cyclin A, Ki, 110 nM,,
Ro-3306,CDK2,cyclinE, Ki, 340 nM,,O=C1N=C(NCC2=CC=CS2)S/C1=C\C3=CC=C4N=CC=CC4=C3
Roniciclib,Cdk1,cyclin B, IC50, 7 nM,,
Roniciclib,CDK2,cyclinE, IC50, 9 nM,,
Roniciclib,CDK4,cyclin D, IC50, 11 nM,,
Roniciclib,CDK7,Cyclin H/MAT1, IC50, 25 nM,,
Roniciclib,CDK9,cyclinT1, IC50, 5 nM,,C[C@@H](O)[C@H](OC1=NC(NC2=CC=C([S@@](=N)(C3CC3)=O)C=C2)=NC=C1C(F)(F)F)C
Ryuvidine,CDK4,, IC50, 6.0 μM,,O=C1C=C(C(C2=C1SC(C)=N2)=O)NC3=CC=C(C)C=C3
Samuraciclib,CDK1,, IC50, 1.8 μM,,
Samuraciclib,CDK2,cycE1, IC50, 578 nM,,
Samuraciclib,CDK4,, IC50, 49 μM,,
Samuraciclib,CDK5,, IC50, 9.4 μM,,
Samuraciclib,CDK6,, IC50, 34 μM,,
Samuraciclib,CDK7,CycH/MAT1, IC50, 41 nM,,
Samuraciclib,CDK9,, IC50, 1.2 μM,,O[C@H]1CNCC[C@@H]1CNC2=NC3=C(C(C)C)C=NN3C(NCC4=CC=CC=C4)=C2
Samuraciclib hydrochloride,CDK1,, IC50, 1.8 μM,,O[C@H]1CNCC[C@@H]1CNC2=NC3=C(C(C)C)C=NN3C(NCC4=CC=CC=C4)=C2.[H]Cl
Samuraciclib hydrochloride,CDK2,, IC50, 578 nM,,
Samuraciclib hydrochloride,CDK4,, IC50, 49 μM,,
Samuraciclib hydrochloride,CDK5,, IC50, 9.4 μM,,
Samuraciclib hydrochloride,CDK6,, IC50, 34 μM,,
Samuraciclib hydrochloride,CDK7,, IC50, 41 nM,,
Samuraciclib hydrochloride,CDK9,, IC50, 1.2 μM,,
Samuraciclib hydrochloride hydrate,CDK1,, IC50, 1.8 μM,,O[C@H]1CNCC[C@@H]1CNC2=NC3=C(C(C)C)C=NN3C(NCC4=CC=CC=C4)=C2.Cl.O
Samuraciclib hydrochloride hydrate,CDK2,, IC50, 578 nM,,
Samuraciclib hydrochloride hydrate,CDK4,, IC50, 49 μM,,
Samuraciclib hydrochloride hydrate,CDK5,, IC50, 9.4 μM,,
Samuraciclib hydrochloride hydrate,CDK6,, IC50, 31 μM,,
Samuraciclib hydrochloride hydrate,CDK7,, IC50, 41 nM,,
Samuraciclib hydrochloride hydrate,CDK9,, IC50, 1.2 μM,,
Samuraciclib hydrochloride hydrate,CDK1,, IC50, 1.8 μM,,
Samuraciclib hydrochloride hydrate,CDK2,cycE1, IC50, 578 nM,,
Samuraciclib hydrochloride hydrate,CDK4,, IC50, 49 μM,,
Samuraciclib hydrochloride hydrate,CDK5,, IC50, 9.4 μM,,
Samuraciclib hydrochloride hydrate,CDK6,, IC50, 34 μM,,
Samuraciclib hydrochloride hydrate,CDK7,CycH/MAT1, IC50, 41 nM,,
Samuraciclib hydrochloride hydrate,CDK9,, IC50, 1.2 μM,,
SEL120-34A,CDK8,CycC, IC50, 4.4 nM,,
SEL120-34A,CDK9,cycT, IC50, 1070 nM,,
SEL120-34A,CDK19,CycC, IC50, 10.4 nM,,CC1=C2C3=C(C(Br)=C1Br)CCCN3C(N4CCNCC4)=N2
SEL120-34A hydrochloride,CDK8,CycC, IC50, 4.4 nM,,
SEL120-34A hydrochloride,CDK9,cycT, IC50, 1070 nM,,
SEL120-34A hydrochloride,CDK19,CycC, IC50, 10.4 nM,,CC1=C(Br)C(Br)=C2C3=C1N=C(N4CCNCC4)N3CCC2.Cl
SEL120-34A monohydrochloride,CDK8,CycC, IC50, 4.4 nM,,CC1=C2C3=C(C(Br)=C1Br)CCCN3C(N4CCNCC4)=N2.Cl
SEL120-34A monohydrochloride,CDK9,cycT, IC50, 1070 nM,,
SEL120-34A monohydrochloride,CDK19,CycC, IC50, 10.4 nM,,
Senexin A,CDK8,, Kd, 0.83 μM,,
Senexin A,CDK8,, IC50, 280 nM,,
Senexin A,CDK19,, Kd, 0.31 μM,,N#CC1=CC=C2C(C(NCCC3=CC=CC=C3)=NC=N2)=C1
Senexin A hydrochloride,CDK8,, IC50, 280 nM,,N#CC1=CC=C2C(C(NCCC3=CC=CC=C3)=NC=N2)=C1.Cl
Senexin A hydrochloride,CDK8,, Kd, 0.83 μM,,
Senexin A hydrochloride,CDK19,, Kd, 0.31 μM,,
Senexin B,CDK8,, Kd, 140 nM,,
Senexin B,CDK19,, Kd, 80 nM,,
Senexin C,CDK8,CycC, IC50, 3.6 nM,,
Senexin C,CDK8,CycC, Kd, 1.4 nM,,
Senexin C,CDK19,CycC, Kd, 2.9 nM,,
SHP2/CDK4-IN-1,CDK4,, IC50, 18.2 ± 1.3 nM,,
SHR5428,CDK1,, IC50, >100 μM,,
SHR5428,CDK2,, IC50, 8.99 μM,,
SHR5428,CDK4,, IC50, 3.87 μM,,
SHR5428,CDK6,, IC50, 5.89 μM,,
SHR5428,CDK7,, IC50, 0.005 μM,,
SHR5428,CDK9,, IC50, 8.30 μM,,
SHR5428,CDK12,, IC50, 1.11 μM,,CP(C1=C(C=CC2=C1NC=C2C3=C(C=NC(N[C@@H]4C[C@H](CCC4)O)=N3)C(F)(F)F)C#N)(C)=O
Simurosertib,Cdc7,, IC50, <0.3 nM,,O=C1C2=C(C=C(C3=CNN=C3C)S2)NC([C@H]4N(CC5)CCC5C4)=N1
SNS-032,CDK1,, IC50, 480 nM,,
SNS-032,CDK2,, IC50, 38 nM,,
SNS-032,CDK4,, IC50, 925 nM,,
SNS-032,CDK7,, IC50, 62 nM,,
SNS-032,CDK9,, IC50, 4 nM,,CC(C)(C1=CN=C(CSC2=CN=C(NC(C3CCNCC3)=O)S2)O1)C
SR-4835,CDK12,, IC50, 99 nM,,
SR-4835,CDK12,, Kd, 98 nM,,
SR-4835,CDK13,, Kd, 4.9 nM,,CN1N=CC(N2C3=NC(N4CCOCC4)=NC(NCC5=NC6=C(N5)C=C(Cl)C(Cl)=C6)=C3N=C2)=C1
SU9516,CDK1,, IC50, 40 nM,,
SU9516,CDK2,, IC50, 22 nM,,
SU9516,CDK4,, IC50, 200 nM,,O=C1NC2=C(C=C(OC)C=C2)/C1=C/C3=CN=CN3
SY-5609,CDK2,, Ki, 2600 nM,,
SY-5609,CDK7,, Kd, 0.065 nM,,
SY-5609,CDK9,, Ki, 960 nM,,
SY-5609,CDK12,, Ki, 870 nM,,N#CC1=C(P(C)(C)=O)C2=C(C=C1)C(C3=NC(N[C@@H]4CNC(C)(C)CC4)=NC=C3C(F)(F)F)=CN2
SZ-015268,CDK7,, IC50, 23.56 nM,,CC(C1=CN=C(C(NC(CC2)CCN2C(O[C@@H](CC3)CN3C(/C=C/CN(C)C)=O)=O)=N4)N1N=C4C)C
T025,CLK1,, Kd, 4.8 nM,,
T025,CLK2,, Kd, 0.096 nM,,
T025,CLK3,, Kd, 6.5 nM,,
T025,CLK4,, Kd, 0.61 nM,,CNC1=NC(NCC2=NC=CC=N2)=C(C(C3=CC=C(N=CC=C4)C4=C3)=CN5)C5=N1
Tagtociclib hydrate,CDK2,cyclin E1, Ki, 1.16 nM,,O=C(C1=CC(COC)=NN1C)NC2=NNC([C@](CC3)([H])C[C@@H]3OC(NC(C)C)=O)=C2.[H]O[H]
TG003,CLK1,, IC50, 20 nM,,
TG003,CLK2,, IC50, 200 nM,,
TG003,CLK4,, IC50, 15 nM,,CC(/C=C1SC2=CC=C(C=C2N\1CC)OC)=O
THZ1,CDK7,, IC50, 3.2 nM,,ClC1=CN=C(NC2=CC(NC(C3=CC=C(NC(/C=C/CN(C)C)=O)C=C3)=O)=CC=C2)N=C1C4=CNC5=CC=CC=C54
THZ1 Hydrochloride,CDK7,, IC50, 3.2 nM,,ClC1=CN=C(NC2=CC(NC(C3=CC=C(NC(/C=C/CN(C)C)=O)C=C3)=O)=CC=C2)N=C1C4=CNC5=CC=CC=C54.Cl
THZ1-R,CDK7,, IC50, 146 nM,,ClC1=CN=C(NC2=CC(NC(C3=CC=C(NC(CCCN(C)C)=O)C=C3)=O)=CC=C2)N=C1C4=CNC5=CC=CC=C54
THZ2,CDK1,, IC50, 96.9 nM,,
THZ2,CDK2,, IC50, 222 nM,,
THZ2,CDK5,, IC50, 134 nM,,
THZ2,CDK7,, IC50, 13.9 nM,,
THZ2,CDK8,, IC50, 6830 nM,,
THZ2,CDK9,, IC50, 194 nM,,O=C(NC1=CC=CC(NC2=NC=C(Cl)C(C3=CNC4=C3C=CC=C4)=N2)=C1)C5=CC=CC(NC(/C=C/CN(C)C)=O)=C5
THZ531,CDK7,, IC50, 8.5 μM,,
THZ531,CDK9,, IC50, 10.5 μM,,
THZ531,CDK12,, IC50, 158 nM,,
THZ531,CDK13,, IC50, 69 nM,,ClC(C(C1=CNC2=CC=CC=C12)=N3)=CN=C3N[C@@H]4CCCN(C(C5=CC=C(NC(/C=C/CN(C)C)=O)C=C5)=O)C4
TL12-186,cdk2,cyclin A, IC50, 73 nM,,
TL12-186,CDK9,cyclinT1, IC50, 55 nM,,O=C(NCCOCCOCCN1CCN(C2=CC=C(NC3=NC=C(Cl)C(NC4=CC=CC=C4S(=O)(C(C)C)=O)=N3)C=C2)CC1)CNC5=CC=CC(C(N6C(CC7)C(NC7=O)=O)=O)=C5C6=O
Toyocamycin,CDK2,cyclinA, IC50, 0.67 μM,,
Toyocamycin,Cdk4,cyclin D3, IC50, 15 μM,,
Toyocamycin,cdk6,cyclin D3, IC50, >10 μM,,
Toyocamycin,CDK7,Mat1/cyclinH1, IC50, 2.8 μM,,
Toyocamycin,CDK9,cyclinT1, IC50, 79 nM,,O[C@H]1[C@@H](O[C@H](CO)[C@H]1O)N2C3=C(C(N)=NC=N3)C(C#N)=C2
Trilaciclib hydrochloride,Cdk4,cyclin D1, IC50, 1 nM,,O=C1C2=CC3=CN=C(NC4=CC=C(N5CCN(C)CC5)C=N4)N=C3N2C6(CCCCC6)CN1.[H]Cl.[H]Cl
Trilaciclib hydrochloride,cdk6,cyclin D3, IC50, 4 nM,,
Ulecaciclib,cdk2,cyclin A, Ki, 0.62 μM,,
Ulecaciclib,Cdk4,cyclin D1, Ki, 0.2 nM,,
Ulecaciclib,cdk6,cyclin D3, Ki, 3 nM,,
Ulecaciclib,cdk7-cyclin H,, Ki, 0.63 μM,,FC1=C(C2=C(C)N=C(NC3CCCC3)S2)N=C(NC4=NC=C(CN5CCN(CC5)CC)C=C4)N=C1
Voruciclib,CDK1,cycB, Ki, 5.4 nM,,
Voruciclib,CDK1,cyc A, Ki, 9.1 nM,,
Voruciclib,CDK4,Cyc D1, Ki, 3.96 nM,,
Voruciclib,CDK6,cycD1, Ki, 2.92 nM,,
Voruciclib,CDK9,cyc T2, Ki, 0.626 nM,,
Voruciclib,CDK9,CycT1, Ki, 1.68 nM,,O=C1C=C(C2=CC=C(C(F)(F)F)C=C2Cl)OC3=C([C@H]4[C@H](CO)N(C)CC4)C(O)=CC(O)=C13
Voruciclib hydrochloride,CDK1,cycB, Ki, 5.4 nM,,Cl[H].O=C1C=C(C2=CC=C(C(F)(F)F)C=C2Cl)OC3=C([C@H]4[C@H](CO)N(C)CC4)C(O)=CC(O)=C13
Voruciclib hydrochloride,CDK1,cyc A, Ki, 9.1 nM,,
Voruciclib hydrochloride,CDK4,Cyc D1, Ki, 3.96 nM,,
Voruciclib hydrochloride,CDK6,cycD1, Ki, 2.92 nM,,
Voruciclib hydrochloride,CDK9,CycT1, Ki, 1.68 nM,,
Voruciclib hydrochloride,CDK9,cyc T2, Ki, 0.626 nM,,
XL413,Cdc7,, IC50, 3.4 nM,,ClC1=CC=C2C(C(N=C([C@@H]3CCCN3)NC4=O)=C4O2)=C1
XL413 hydrochloride,Cdc7,, IC50, 3.4 nM,,ClC1=CC=C2C(C(N=C([C@@H]3CCCN3)NC4=O)=C4O2)=C1.Cl.[x]
XL413 monohydrochloride,Cdc7,, IC50, 3.4 nM,,O=C1C(OC2=CC=C(Cl)C=C23)=C3N=C([C@H]4NCCC4)N1.[H]Cl
YKL-1-116,CDK7,, IC50,7.6 nM,,CC(C)(N(C1)C(N[C@@H](C2=CC=CC=C2)CN(C)C)=O)C3=C1C(NC4=CC(NC(C5=CC=C(C=C5)NC(C=C)=O)=O)=CC=C4)=NN3
YKL-5-124,CDK2,, IC50, 1300 nM,,
YKL-5-124,CDK7,, IC50, 53.5 nM,,
YKL-5-124,CDK7,Mat1/CycH, IC50, 9.7 nM,,
YKL-5-124,CDK9,, IC50, 3020 nM,,CC1(C)N(C(N[C@@H](C2=CC=CC=C2)CN(C)C)=O)CC3=C1NN=C3NC(C4=CC=C(NC(C=C)=O)C=C4)=O
YKL-5-124 TFA,CDK2,, IC50, 1300 nM,,CC1(C)N(C(N[C@@H](C2=CC=CC=C2)CN(C)C)=O)CC3=C1NN=C3NC(C4=CC=C(NC(C=C)=O)C=C4)=O.FC(F)(C(O)=O)F
YKL-5-124 TFA,CDK7,, IC50, 53.5 nM,,
YKL-5-124 TFA,CDK7,Mat1/CycH, IC50, 9.7 nM,,
YKL-5-124 TFA,CDK9,, IC50, 3020 nM,,
YX-2-107,CDK6,, IC50,PROTAC,,O=C1NC(C(CC1)N2C(C3=C(C2=O)C(OCC(NCCCCNCC(N4CCN(CC4)C5=CN=C(NC6=NC(N(C7CCCC7)C(C(C(C)=O)=C8C)=O)=C8C=N6)C=C5)=O)=O)=CC=C3)=O)=O
ZDLD13,CDK4,CycD3, IC50, 0.38 μM,,O=C(C1=NC=CC2=C1NC3=C2C=CC=C3)NCC4=NC=CC=C4
ZDLD20,CDK4,CycD3, IC50, 6.51  μM,,O=C(C1=NC=CC2=C1NC3=C2C=CC=C3)NC4=NC=C(N5CCN(C)CC5)C=C4
ZLHQ-5f,CDK2,CycA2, IC50, 0.145 μM,,N[C@H]1CCN(C1)C2=C3OC4=C(C3=NC5=CC=C(C=C52)C6=CC(NC(C7CC7)=O)=NC=C6)C=CC=C4
ZLMT-12,CDK2,, IC50, 0.011 μM,,
ZLMT-12,CDK9,, IC50, 0.002 μM,,O=C(C1CC1)NC2=NC=CC(C3=CC=C4N=C5C(CCCCC5)=C(N6C[C@@H](N)CC6)C4=C3)=N2.[H]Cl
ZLWT-37,CDK2,, IC50, 0.054 μM,,
ZLWT-37,CDK9,, IC50, 0.002 μM,,N[C@H]1CCN(C1)C2=C3CCCCC3=NC4=C2C=C(C=C4)C5=CC=NC(NC(C6CC6)=O)=C5.Cl